Acidity,Firmness,Sweetness,Weight,Water_Content,Fruit_Name,Acid_Firm_Ratio,Sweet_Acid_Balance,Density_Index
3.74,3.14,6.94,173.4,84.92,Apple,1.19,3.2,2.02
4.37,2.79,6.1,165.28,88.98,Orange,1.57,1.73,1.84
4.09,2.8,6.74,183.04,74.89,Orange,1.46,2.65,2.41
4.6,2.76,6.57,192.92,71.71,Apple,1.67,1.97,2.65
1.87,4.64,7.84,185.15,72.72,Apple,0.4,5.97,2.51
1.27,3.86,6.76,224.16,82.55,Apple,0.33,5.49,2.68
3.79,4.24,7.03,139.75,62.67,Apple,0.89,3.24,2.19
2.9,2.96,7.44,147.58,82.77,Orange,0.98,4.54,1.76
4.17,2.62,9.51,182.48,80.8,Orange,1.59,5.34,2.23
5.43,2.4,7.24,147.53,101.58,Orange,2.26,1.81,1.44
2.87,3.75,6.11,137.47,61.36,Apple,0.77,3.24,2.2
2.6,3.69,6.06,152.49,85.1,Orange,0.7,3.46,1.77
4.64,1.81,7.35,131.49,83.95,Orange,2.56,2.71,1.55
3.4,3.34,5.91,160.01,77.63,Apple,1.02,2.51,2.03
3.14,3.29,6.5,142.02,76.43,Apple,0.95,3.36,1.83
2.72,4.19,4.95,166.51,53.34,Apple,0.65,2.23,3.06
4.09,2.67,4.49,205.14,74.11,Apple,1.53,0.4,2.73
2.37,4.85,7.07,177.2,80.14,Apple,0.49,4.7,2.18
1.73,3.61,6.21,193.74,78.64,Apple,0.48,4.48,2.43
2.87,3.97,7.33,220.06,83.41,Apple,0.72,4.46,2.61
4.04,2.86,7.83,165.5,86.67,Orange,1.41,3.79,1.89
2.77,3.85,5.93,163.92,81.84,Apple,0.72,3.16,1.98
2.94,3.44,6.41,189.6,70.3,Apple,0.85,3.47,2.66
3.27,3.99,5.35,164.67,64.47,Apple,0.82,2.08,2.52
1.9,3.79,8.38,165.28,65.4,Apple,0.5,6.48,2.49
4.18,1.37,7.23,155.66,81.53,Orange,3.05,3.05,1.89
2.89,3.06,6.94,200.93,84.03,Apple,0.94,4.05,2.36
3.46,3.14,5.51,168.29,64.07,Apple,1.1,2.05,2.59
2.98,4.18,7.35,182.64,78.02,Apple,0.71,4.37,2.31
3.17,2.42,6.79,152.04,73.74,Apple,1.31,3.62,2.03
4.87,2.51,11.18,143.31,88.14,Orange,1.94,6.31,1.61
3.12,3.04,7.52,158.72,86.92,Apple,1.03,4.4,1.81
3.6,2.29,7.16,174.35,72.55,Apple,1.57,3.56,2.37
4.59,3.35,8.22,183.53,91.51,Orange,1.37,,1.98
4.04,1.96,8.3,151.33,68.26,Orange,2.06,4.26,2.18
4.82,2.82,7.7,155.14,84.77,Orange,1.71,2.88,1.81
2.97,3.23,6.65,133.64,94.34,Apple,0.92,3.68,1.4
4.42,4.03,6.92,252.83,64.45,Apple,1.1,2.5,3.86
3.23,3.23,7.12,144.84,82.48,Orange,1.0,3.89,1.74
4.34,3.98,6.58,196.29,81.38,Apple,1.09,2.24,2.38
2.81,3.83,7.11,159.38,71.7,Apple,0.73,4.3,2.19
2.07,3.65,4.9,175.39,89.23,Apple,0.57,2.83,1.94
2.99,3.31,8.91,164.43,61.15,Apple,0.9,5.92,2.65
4.07,2.42,7.98,151.31,90.62,Orange,1.68,3.91,1.65
3.6,4.48,7.35,184.72,66.25,Apple,0.8,3.75,2.75
3.8,1.95,9.22,158.99,88.19,Orange,1.95,5.42,1.78
2.43,2.39,6.82,166.54,67.36,Apple,1.02,4.39,2.44
1.82,3.2,5.02,206.03,79.53,Apple,0.57,3.2,2.56
2.7,3.46,7.1,218.23,74.76,Apple,0.78,4.4,2.88
1.19,2.89,6.11,216.0,72.16,Apple,0.41,4.92,2.95
5.88,,9.89,143.2,80.84,Orange,,4.01,1.75
4.22,2.91,6.07,155.61,76.42,Orange,1.45,1.85,2.01
4.14,2.52,6.55,152.0,83.03,Orange,1.64,2.41,1.81
3.58,1.76,9.31,128.49,77.96,Orange,2.03,5.73,1.63
2.21,4.17,7.0,177.46,71.94,Apple,0.53,4.79,2.43
5.09,3.65,6.44,129.73,80.24,Orange,1.39,1.35,1.6
3.24,3.97,6.31,179.15,69.54,Apple,0.82,3.07,2.54
1.98,3.35,7.15,144.47,,Apple,0.59,5.17,
3.98,2.92,6.65,191.8,82.87,Apple,1.36,2.67,2.29
3.51,3.54,8.73,194.18,78.45,Apple,0.99,5.22,2.44
2.5,3.85,4.8,195.29,78.9,Apple,0.65,2.3,2.44
2.86,3.61,6.73,201.49,73.25,Apple,0.79,3.87,2.71
2.5,1.83,8.6,149.25,69.94,Orange,1.37,6.1,2.1
1.82,2.93,4.49,167.63,73.55,Apple,0.62,2.67,2.25
2.52,3.49,7.15,176.38,75.22,Apple,0.72,4.63,2.31
3.31,2.96,7.17,180.36,82.62,Apple,1.12,3.86,2.16
2.8,4.26,7.24,180.55,78.49,Apple,0.66,4.44,2.27
3.5,2.57,7.68,167.32,79.06,Orange,1.36,4.18,2.09
4.47,3.95,10.11,194.31,80.16,Apple,1.13,5.64,2.39
4.13,3.52,6.98,141.85,76.81,Orange,1.17,2.85,1.82
3.97,3.05,7.87,140.09,99.69,Orange,1.3,3.9,1.39
3.98,2.79,6.4,179.97,78.79,Apple,1.43,2.42,2.26
4.04,4.04,7.03,82.11,85.34,Apple,1.0,2.99,0.95
3.78,3.11,5.85,143.31,84.03,Orange,1.22,2.07,1.69
4.54,3.74,9.17,117.31,79.58,Orange,1.21,4.63,1.46
3.07,3.13,7.52,147.41,80.07,Orange,0.98,4.45,1.82
3.57,1.86,8.67,166.1,84.53,Orange,1.92,5.1,1.94
3.11,2.24,7.09,167.07,61.33,Apple,1.39,3.98,2.68
3.95,3.44,4.71,193.17,79.81,Apple,1.15,0.76,2.39
3.42,4.22,6.39,139.02,75.3,Apple,0.81,2.97,1.82
3.86,2.71,9.4,143.23,93.99,Orange,1.42,5.54,1.51
3.99,1.98,9.48,181.75,91.87,Orange,2.02,5.49,1.96
4.845993585203419,3.11,7.67,193.74,74.76,Apple,1.56,2.82,2.56
3.48,3.24,8.7,194.09,85.27,Apple,1.07,5.22,2.25
4.53,5.29,6.74,158.74,87.23,Apple,0.86,2.21,1.8
3.21,2.97,6.07,153.3,70.22,Apple,1.08,2.86,2.15
3.77,2.52,7.66,125.05,89.83,Orange,1.5,3.89,1.38
4.19,2.47,8.26,132.26,90.39,Orange,1.7,4.07,1.45
4.02,3.18,7.62,190.09,92.05,Orange,1.26,3.6,2.04
3.16,3.35,7.0,126.82,73.88,Apple,0.94,3.84,1.69
2.65,2.55,5.98,172.34,86.38,Apple,1.04,3.33,1.97
3.99,2.19,7.95,146.69,90.12,Orange,1.82,3.96,1.61
3.76,2.52,10.28,158.78,78.75,Orange,1.49,6.52,1.99
2.82,3.51,7.58,201.7,79.85,Apple,0.8,4.76,2.49
4.38,2.28,6.76,158.71,90.21,Orange,1.92,2.38,1.74
4.42,4.16,7.91,189.74,86.74,Apple,1.06,3.49,2.16
4.45,2.39,5.97,201.07,85.41,Apple,1.86,1.52,2.33
3.23,4.43,5.01,165.89,73.58,Apple,0.73,1.78,2.22
3.11,3.44,7.04,167.07,86.62,Apple,0.9,3.93,1.91
2.62,4.87,6.57,232.58,70.31,Apple,0.54,3.95,3.26
3.75,3.86,7.51,171.93,83.59,Apple,0.97,3.76,2.03
4.85,2.49,8.69,196.5,85.24,Orange,1.95,3.84,2.28
3.01,4.18,6.38,178.14,85.34,Apple,0.72,3.37,2.06
1.64,4.42,6.51,131.6,76.74,Apple,0.37,4.87,1.69
2.85,2.67,8.32,145.71,88.05,Orange,1.07,5.47,1.64
3.12,3.65,7.47,163.45,63.9,Apple,0.85,4.35,2.52
2.41,4.95,6.96,204.39,78.13,Apple,0.49,4.55,2.58
4.91,0.82,9.83,120.47,84.38,Orange,5.99,4.92,1.41
1.92,4.2,4.75,200.78,69.77,Apple,0.46,2.83,2.84
2.41,2.59,8.57,153.28,66.28,Apple,0.93,6.16,2.28
2.89,2.78,5.27,218.44,72.4,Apple,1.04,2.38,2.98
3.48,3.62,5.92,154.16,75.73,Apple,0.96,2.44,2.01
3.69,3.74,8.8,113.3,89.48,Orange,0.99,5.11,1.25
4.41,2.58,7.35,146.24,74.86,Orange,1.71,2.94,1.93
5.63,2.14,8.54,130.64,90.84,Orange,2.63,2.91,1.42
2.93,3.78,6.02,153.61,79.5,Orange,0.78,3.09,1.91
5.34,3.05,9.28,183.4,84.75,Orange,1.75,3.94,2.14
3.41,3.06,5.99,144.2,77.97,Apple,1.11,2.58,1.83
3.14,1.56,7.77,134.3,93.25,Orange,2.01,4.63,1.42
2.09,2.95,5.51,167.79,78.79,Apple,0.71,3.42,2.1
4.28,1.48,6.45,143.5,63.42,Orange,2.89,2.17,2.23
4.91,2.26,6.81,168.37,81.9,Orange,2.17,1.9,2.03
,3.15,7.28,167.78,74.19,Apple,,,2.23
3.14,3.08,6.32,151.4,78.17,Apple,1.02,3.18,1.91
3.42,3.61,7.48,130.82,73.13,Apple,0.95,4.06,1.76
3.29,3.33,5.29,152.39,62.48,Apple,0.99,2.0,2.4
2.99,3.32,8.07,168.91,78.85,Orange,0.9,,2.12
4.6,3.74,5.77,135.71,62.89,Orange,1.23,1.17,2.12
3.48,3.87,4.83,205.93,87.51,Apple,0.9,1.35,2.33
3.93,3.7,5.97,183.54,69.11,Apple,1.06,2.04,2.62
2.96,4.01,6.54,169.94,81.79,Apple,0.74,3.58,2.05
2.91,2.76,6.54,184.66,66.28,Apple,1.05,3.63,2.74
3.41,4.58,8.08,165.31,87.4,Apple,0.74,4.67,1.87
1.11,3.95,8.5,220.73,77.96,Apple,0.28,7.39,2.8
5.47,1.81,6.92,150.11,89.54,Orange,3.02,1.45,1.66
1.6,4.71,4.37,175.89,62.09,Apple,0.34,2.77,2.79
2.74,3.78,6.13,122.9,81.78,Apple,0.72,3.39,1.48
5.08,2.48,6.79,124.78,73.51,Orange,2.05,1.71,1.67
1.93,3.55,6.09,198.82,82.72,Apple,0.54,4.16,2.37
4.22,3.97,7.66,110.81,64.05,Orange,1.06,3.44,1.7
3.7,1.84,9.34,136.9,87.12,Orange,2.01,5.64,1.55
3.63,2.89,6.78,197.42,71.44,Apple,1.26,3.15,2.73
3.05,3.82,6.27,141.21,82.06,Apple,0.8,3.22,1.7
3.23,3.29,,204.48,75.64,Apple,0.98,,2.67
2.86,4.03,7.26,164.58,69.01,Apple,0.71,4.4,2.35
2.02,3.41,5.88,168.2,68.65,Apple,0.59,3.86,2.41
3.29,3.13,8.58,105.01,80.7,Orange,1.05,5.29,1.29
2.82,2.82,5.88,187.44,71.95,Apple,1.0,3.06,2.57
1.88,4.09,5.6,239.3,84.79,Apple,0.46,3.72,2.79
2.7,2.4,6.96,197.53,77.35,Apple,1.13,4.26,2.52
4.65,3.13,8.49,154.72,86.58,Orange,1.49,3.84,1.77
3.37,4.57,6.95,206.52,82.51,Apple,0.74,3.58,2.47
2.47,3.39,3.91,170.17,69.07,Apple,0.73,1.44,2.43
2.73,2.21,8.2,212.3,76.72,Apple,1.24,5.47,2.73
4.68,3.24,6.86,121.09,80.87,Orange,1.44,2.18,1.48
4.3,3.22,4.97,104.45,82.21,Apple,1.34,0.67,1.26
3.76,1.84,7.58,119.2,84.34,Orange,2.04,3.82,1.4
4.82,3.18,5.57,180.28,91.02,Orange,1.52,0.75,1.96
3.62,4.52,6.04,181.54,63.02,Apple,0.8,2.42,2.84
3.84,1.72,5.68,178.34,80.91,Orange,2.23,1.84,2.18
2.78,3.28,4.54,162.26,85.72,Apple,0.85,1.76,1.87
5.1,2.16,9.07,157.79,77.53,Orange,2.36,3.97,2.01
5.45,2.33,7.49,156.84,80.72,Orange,2.34,2.04,1.92
3.57,3.2,7.96,233.71,82.62,Apple,1.12,4.39,2.79
3.54,4.0,5.08,198.47,84.7,Apple,0.88,1.54,2.32
3.32,2.62,9.41,160.58,81.54,Orange,1.27,6.09,1.95
3.41,3.99,7.38,199.97,81.72,Apple,0.85,3.97,2.42
2.48,4.9,7.84,203.85,67.27,Apple,0.51,5.36,2.99
3.06,4.08,4.84,227.49,87.27,Apple,0.75,1.78,2.58
1.45,3.86,7.63,187.21,93.15,Apple,0.38,6.18,1.99
5.0,2.69,6.53,153.4,68.5,Orange,1.86,1.53,2.21
3.48,2.76,8.22,203.95,59.64,Apple,1.26,4.74,3.36
3.43,4.44,6.78,214.17,71.6,Apple,0.77,3.35,2.95
0.65,3.24,3.47,165.85,81.23,Apple,0.2,2.82,2.02
3.92,2.93,7.9,155.74,63.61,Orange,1.34,3.98,2.41
3.16,3.69,7.72,181.39,86.34,Apple,0.86,4.56,2.08
,2.55,8.74,192.35,82.03,Orange,,,2.32
1.93,2.89,6.14,198.09,70.29,Apple,0.67,4.21,2.78
4.25,3.95,4.81,149.19,88.96,Orange,1.08,0.56,1.66
2.39,4.15,3.39,225.83,68.88,Apple,0.58,1.0,3.23
2.19,4.09,8.39,161.99,74.71,Apple,0.54,6.2,2.14
4.45,3.25,5.71,171.17,71.35,Apple,1.37,1.26,2.37
3.7,1.74,6.68,99.05,86.4,Orange,2.13,2.98,1.13
5.5,2.7,8.19,129.58,72.35,Orange,2.04,2.69,1.77
3.57,4.63,8.08,183.96,64.41,Apple,0.77,4.51,2.81
4.71,2.65,6.96,146.6,77.36,Orange,1.78,2.25,1.87
4.94,2.51,9.08,156.73,73.74,Orange,1.97,4.14,2.1
3.1,3.91,5.84,196.82,64.27,Apple,0.79,2.74,3.02
4.48,3.17,7.64,173.26,76.22,Apple,1.41,3.16,2.24
2.75,3.87,4.58,199.23,82.27,Apple,0.71,1.83,2.39
3.2,4.47,7.55,157.66,87.91,Apple,0.72,4.35,1.77
2.87,2.9,7.97,142.73,79.74,Orange,0.99,5.1,1.77
4.63,2.96,7.63,174.88,90.55,Orange,1.56,3.0,1.91
4.04,3.28,6.39,195.41,87.2,Orange,1.23,2.35,2.22
3.42,3.21,7.14,223.33,76.5,Apple,1.07,3.72,2.88
2.05,4.46,6.51,218.93,76.61,Apple,0.46,4.46,2.82
4.07,2.33,9.53,131.86,79.59,Orange,1.75,5.46,1.64
4.8,0.25,5.47,133.9,84.8,Orange,19.2,0.67,1.56
3.28,2.62,7.97,125.55,106.5,Orange,1.25,4.69,1.17
3.04,2.75,8.21,161.6,86.72,Orange,1.11,5.17,1.84
4.88,3.8,8.23,155.97,78.24,Orange,1.28,3.35,1.97
3.01,3.11,7.18,174.8,67.18,Apple,0.97,4.17,2.56
3.15,4.84,5.55,172.41,,Apple,0.65,2.4,
3.79,2.4,7.8,178.86,103.64,Orange,1.58,4.01,1.71
2.19,2.28,8.19,118.28,80.64,Orange,0.96,6.0,1.45
3.22,2.84,4.17,195.65,71.79,Apple,1.13,0.95,2.69
2.59,5.02,8.72,203.89,68.0,Apple,0.52,6.13,2.95
4.19,3.74,8.14,141.63,86.31,Orange,1.12,3.95,1.62
3.97,4.12,7.89,153.68,87.86,Apple,0.96,3.92,1.73
2.02,3.02,5.19,144.14,68.26,Apple,0.67,3.17,2.08
4.18,2.92,8.28,181.83,72.86,Apple,1.43,4.1,2.46
3.41,3.1,9.67,145.5,98.71,Orange,1.1,6.26,1.46
4.45,3.24,3.53,159.12,93.36,Orange,1.37,-0.92,1.69
3.66,4.53,7.52,177.55,77.11,Apple,0.81,3.86,2.27
3.82,3.08,7.29,169.36,91.15,Orange,1.24,3.47,1.84
3.11,2.86,4.94,144.6,72.79,Apple,1.09,1.83,1.96
3.43,4.55,7.76,128.14,89.51,Apple,0.75,4.33,1.42
5.17,2.15,,149.36,84.42,Orange,2.4,,1.75
3.85,2.56,8.71,166.66,88.92,Orange,1.5,4.86,1.85
2.89,1.97,4.13,168.46,71.17,Orange,1.47,1.24,2.33
4.91,1.74,9.54,137.87,76.41,Orange,2.82,4.63,1.78
2.55,3.22,5.49,210.22,74.9,Apple,0.79,2.94,2.77
2.16,3.64,6.62,140.28,78.55,Apple,0.59,4.46,1.76
2.14,2.49,7.09,164.16,84.81,Apple,0.86,4.95,1.91
2.47,3.97,5.8,188.94,58.11,Apple,0.62,3.33,3.2
2.01,5.72,7.83,197.19,67.03,Apple,0.35,5.82,2.9
5.04,2.24,7.3,142.22,76.67,Orange,2.25,2.26,1.83
3.68,3.49,7.76,201.82,75.83,Apple,1.05,4.08,2.63
3.96,1.11,9.18,119.85,96.67,Orange,3.57,5.22,1.23
4.3,3.48,6.91,168.18,87.36,Orange,1.24,2.61,1.9
2.76,1.75,6.9,139.15,76.32,Orange,1.58,4.14,1.8
2.65,2.72,9.06,163.14,68.89,Apple,0.97,6.41,2.33
0.97,3.9,5.89,194.48,83.68,Apple,0.25,4.92,2.3
4.27,3.46,8.91,184.39,79.53,Apple,1.23,4.64,2.29
1.79,2.33,6.76,144.88,73.74,Apple,0.77,4.97,1.94
4.91,2.53,6.22,182.45,74.92,Orange,1.94,1.31,2.4
3.95,4.25,7.91,199.81,88.22,Apple,0.93,3.96,2.24
5.43,3.26,7.47,186.83,83.63,Apple,1.67,2.04,2.21
3.55,1.69,10.43,130.4,84.72,Orange,2.1,6.88,1.52
3.38,4.1,8.36,187.54,88.79,Apple,0.82,4.98,2.09
3.2,3.05,9.26,199.34,87.26,Orange,1.05,6.06,2.26
5.14,3.26,8.0,143.77,59.54,Orange,1.58,2.86,2.37
3.87,2.66,6.8,143.65,86.71,Orange,1.45,2.93,1.64
3.55,4.72,7.25,155.17,88.59,Apple,0.75,3.7,1.73
3.93,3.23,8.33,184.35,83.32,Apple,1.22,4.4,2.19
4.44,2.33,8.77,91.35,76.85,Orange,1.91,4.33,1.17
2.25,3.14,7.2,173.42,91.89,Apple,0.72,4.95,1.87
5.45,3.17,7.88,132.86,71.9,Orange,1.72,2.43,1.82
3.1,2.8,8.82,116.55,85.9,Orange,1.11,5.72,1.34
3.21,3.27,6.75,168.69,71.3,Orange,0.98,3.54,2.33
2.24,3.09,6.68,198.31,79.1,Apple,0.72,4.44,2.48
1.84,3.07,7.32,183.93,76.69,Apple,0.6,5.48,2.37
2.88,3.24,8.09,184.33,71.81,Orange,0.89,5.21,2.53
3.74,4.61,8.56,185.55,63.13,Apple,0.81,4.82,2.89
3.57,4.86,8.96,180.01,70.16,Apple,0.73,5.39,2.53
1.81,2.78,7.21,209.09,82.35,Apple,0.65,5.4,2.51
3.86,4.56,7.89,177.39,89.53,Orange,0.85,4.03,1.96
2.85,2.75,8.2,117.01,90.44,Orange,1.04,5.35,1.28
2.32,3.54,6.12,218.83,84.51,Apple,0.66,3.8,2.56
2.89,3.28,6.76,187.28,75.38,Apple,0.88,3.87,2.45
4.17,1.54,7.04,106.63,106.94,Orange,2.71,2.87,0.99
5.02,2.15,5.19,169.66,,Orange,2.33,0.17,
3.51,3.99,7.85,187.84,73.7,Apple,0.88,4.34,2.51
1.96,4.03,7.16,175.0,72.01,Apple,0.49,5.2,2.4
2.47,3.04,7.41,179.3,80.4,Orange,0.81,4.94,2.2
3.39,2.56,9.04,177.08,75.57,Orange,1.32,5.65,2.31
4.03,2.33,8.86,154.01,88.24,Orange,1.73,4.83,1.73
2.62,1.73,8.15,141.93,73.33,Orange,1.51,5.53,1.91
3.0,3.1,8.35,201.22,60.78,Apple,0.97,5.35,3.26
3.58,4.37,5.16,182.19,71.99,Apple,0.82,1.58,2.5
4.21,0.9,9.83,164.87,83.17,Orange,4.68,5.62,1.96
4.43,2.96,6.23,144.99,75.31,Orange,1.5,1.8,1.9
3.46,2.76,8.02,103.8,94.68,Orange,1.25,4.56,1.08
4.02,2.46,7.84,180.08,67.33,Orange,1.63,3.82,2.64
3.47,4.57,5.75,193.58,78.41,Apple,0.76,2.28,2.44
3.44,3.33,6.8,173.66,76.61,Apple,1.03,3.36,2.24
5.9,2.35,9.325484231984564,170.62,84.05,Orange,2.51,3.43,2.01
4.49,2.26,7.66,185.25,85.38,Orange,1.99,3.17,2.14
3.13,2.1,,90.59,89.46,Orange,1.49,,1.0
4.84,2.6,9.5,161.43,83.56,Orange,1.86,4.66,1.91
4.5,3.8,5.94,120.79,80.59,Orange,1.18,1.44,1.48
4.23,3.35,5.9,176.69,79.62,Apple,1.26,1.67,2.19
2.56,3.09,7.23,174.3,70.33,Apple,0.83,4.67,2.44
2.2,3.91,7.1,203.41,77.81,Apple,0.56,4.9,2.58
2.47,3.61,7.06,151.6,75.37,Apple,0.68,4.59,1.99
3.88,3.82,8.33,184.58,77.83,Apple,1.02,4.45,2.34
2.82,4.1,7.2,163.42,72.28,Apple,0.69,4.38,2.23
4.05,3.66,6.5,185.2,73.47,Apple,1.11,2.45,2.49
2.59,2.97,9.39,176.37,76.95,Apple,0.87,6.8,2.26
2.79,3.53,7.0,180.09,77.52,Apple,0.79,4.21,2.29
2.11,4.21,6.43,164.23,76.01,Apple,0.5,4.32,2.13
4.59,4.06,7.87,165.45,89.94,Apple,1.13,3.28,1.82
4.44,2.8,8.7,159.72,78.7,Orange,1.59,4.26,2.0
3.22,4.04,7.38,201.72,75.33,Apple,0.8,4.16,2.64
3.22,2.76,9.81,163.24,63.19,Apple,1.17,6.59,2.54
3.04,3.89,6.58,156.23,78.69,Apple,0.78,3.54,1.96
2.8,2.57,8.02,125.02,92.29,Orange,1.09,5.22,1.34
2.86,3.35,6.75,177.09,73.67,Apple,0.85,3.89,2.37
4.7,2.68,7.38,156.01,73.82,Orange,1.75,2.68,2.09
2.75,3.98,5.3,155.52,78.05,Apple,0.69,2.55,1.97
3.24,2.73,4.91,133.65,71.44,Apple,1.19,1.67,1.84
4.53,3.22,6.11,164.75,71.05,Apple,1.41,1.58,2.29
3.0,3.49,4.98,158.96,87.17,Apple,0.86,1.98,1.8
3.38,1.48,10.21,149.9,73.4,Orange,2.28,6.83,2.01
4.25,2.72,8.41,145.19,83.01,Orange,1.56,4.16,1.73
4.12,2.96,8.36,136.98,83.19,Orange,1.39,4.24,1.63
2.61,4.34,5.16,170.62,89.39,Apple,0.6,2.55,1.89
4.06,4.01,6.83,181.74,74.15,Apple,1.01,2.77,2.42
3.9,2.38,7.27,150.49,81.82,Orange,1.64,3.37,1.82
2.72,3.7,4.62,182.59,70.53,Apple,0.74,1.9,2.55
3.48,3.76,7.82,177.52,71.74,Apple,0.93,4.34,2.44
3.99,3.75,7.61,190.53,70.96,Apple,1.06,3.62,2.65
2.85,3.55,7.56,158.23,65.93,Apple,0.8,4.71,2.36
5.22,2.24,7.24,160.47,83.09,Orange,2.33,2.02,1.91
3.33,2.91,6.64,157.67,83.34,Orange,1.14,3.31,1.87
5.0,1.99,7.15,153.23,91.24,Orange,2.51,2.15,1.66
2.98,3.03,6.97,182.72,73.3,Apple,0.98,3.99,2.46
2.66,2.23,7.28,156.54,74.45,Apple,1.19,4.62,2.07
4.02,3.71,7.05,194.19,85.98,Apple,1.08,3.03,2.23
2.53,3.85,8.32,233.23,86.59,Apple,0.66,5.79,2.66
3.25,4.08,5.32,158.41,73.53,Apple,0.8,2.07,2.13
3.63,2.86,6.32,156.66,79.61,Orange,1.27,2.69,1.94
3.56,0.49,8.37,176.74,93.94,Orange,7.27,4.81,1.86
3.21,4.09,8.07,189.56,81.61,Apple,0.78,,2.29
3.61,3.4,8.9,156.17,93.75,Orange,1.06,5.29,1.65
3.4,3.06,8.73,185.36,77.96,Orange,1.11,5.33,2.35
3.61,4.12,7.38,150.47,69.66,Apple,0.88,3.77,2.13
4.61,4.72,10.19,180.65,86.11,Orange,0.98,5.58,2.07
4.45,3.39,7.01,203.12,78.6,Apple,1.31,2.56,2.55
3.16,2.53,7.92,178.92,65.25,Apple,1.25,4.76,2.7
2.45,4.05,9.74,156.42,83.95,Apple,0.6,7.29,1.84
4.48,2.46,10.62,154.91,86.6,Orange,1.82,6.14,1.77
4.28,3.15,7.46,159.52,74.91,Apple,1.36,3.18,2.1
2.77,3.14,7.52,124.17,65.37,Apple,0.88,4.75,1.87
2.89,3.78,6.08,189.58,75.83,Apple,0.76,3.19,2.47
2.37,3.87,9.26,150.26,73.43,Apple,0.61,6.89,2.02
4.79,1.93,8.0,139.53,90.26,Orange,2.48,3.21,1.53
4.6,1.51,7.37,179.72,85.16,Orange,3.05,2.77,2.09
2.68,4.09,5.56,192.73,77.39,Apple,0.66,2.88,2.46
2.45,4.23,7.38,213.12,69.68,Apple,0.58,4.93,3.02
2.31,3.85,7.9,147.71,70.13,Apple,0.6,5.59,2.08
3.59,4.41,6.51,163.35,80.95,Apple,0.81,2.92,1.99
5.0,4.17,8.01,176.08,86.51,Apple,1.2,3.01,2.01
3.47,4.25,4.98,216.46,78.46,Apple,0.82,1.51,2.72
2.13,2.9,6.68,161.51,81.94,Apple,0.73,4.55,1.95
2.11,2.83,6.61,116.83,70.54,Orange,0.75,4.5,1.63
4.29,2.25,9.83,165.67,74.54,Orange,1.91,5.54,2.19
3.0,3.73,5.72,163.54,60.59,Apple,0.8,2.72,2.66
4.81,3.82,5.35,182.07,81.22,Apple,1.26,0.54,2.21
4.56,3.27,7.15,187.16,88.05,Orange,1.39,2.59,2.1
3.34,4.43,5.38,233.32,65.5,Apple,0.75,2.04,3.51
4.74,3.22,8.41,151.95,90.7,Orange,1.47,3.67,1.66
2.81,3.48,6.51,143.42,95.61,Orange,0.81,3.7,1.48
2.97,3.65,6.98,177.0,70.12,Apple,0.81,4.01,2.49
3.35,3.56,8.41,225.89,72.29,Apple,0.94,5.06,3.08
2.64,3.4,7.34,134.97,83.5,Orange,0.78,4.7,1.6
2.26,3.8,6.74,227.72,82.98,Apple,0.59,4.48,2.71
2.02,3.33,6.14,196.74,84.7,Apple,0.61,4.12,2.3
,2.02,9.15,110.56,91.22,Orange,,,1.2
3.39,3.84,5.08,153.23,69.23,Apple,0.88,1.69,2.18
2.35,4.46,6.92,192.35,86.25,Apple,0.53,4.57,2.2
2.34,2.98,7.83,158.28,65.85,Orange,0.79,5.49,2.37
3.61,4.01,8.04,209.56,76.73,Apple,0.9,4.43,2.7
4.53,4.4,6.46,153.74,79.78,Apple,1.03,1.93,1.9
3.46,2.28,7.05,207.48,84.02,Orange,1.52,3.59,2.44
3.48,4.06,5.9,163.8,80.18,Apple,0.86,2.42,2.02
3.18,1.88,7.97,147.13,89.91,Orange,1.69,4.79,1.62
4.85,2.01,7.87,134.34,86.33,Orange,2.41,3.02,1.54
3.46,2.93,5.46,191.11,64.37,Apple,1.18,2.0,2.92
2.5,4.12,6.43,208.01,70.68,Apple,0.61,3.93,2.9
2.96,3.97,7.05,133.48,70.47,Apple,0.75,4.09,1.87
2.75,3.53,5.7,204.92,73.05,Apple,0.78,2.95,2.77
2.19,4.62,6.12,240.61,68.62,Apple,0.47,3.93,3.46
4.65,1.91,7.17,161.95,75.86,Orange,2.43,2.52,2.11
2.95,3.22,5.35,225.3,63.92,Apple,0.92,2.4,3.47
2.54,3.19,7.29,171.46,80.51,Apple,0.8,4.75,2.1
3.66,2.98,8.13,163.89,88.53,Orange,1.23,4.47,1.83
2.32,3.75,7.77,170.47,61.99,Apple,0.62,5.45,2.71
6.36,2.05,9.01,186.04,82.64,Orange,3.1,2.65,2.22
2.89,4.53,6.02,157.07,78.88,Apple,0.64,,1.97
4.22,3.74,7.37,163.02,71.65,Apple,1.13,3.15,2.24
2.91,1.89,6.54,128.43,81.17,Orange,1.54,3.63,1.56
4.55,1.69,7.41,128.7,88.39,Orange,2.69,2.86,1.44
4.58,3.74,6.81,166.82,91.18,Orange,1.22,2.23,1.81
4.15,3.72,7.56,123.86,80.12,Orange,1.12,3.41,1.53
3.84,2.57,5.7,144.77,88.58,Orange,1.49,1.86,1.62
3.04,4.5,5.9,167.54,69.93,Apple,0.68,2.86,2.36
1.87,3.54,5.38,183.68,75.92,Apple,0.53,3.51,2.39
4.09,3.3,6.65,157.3,85.54,Orange,1.24,2.56,1.82
2.04,2.16,9.16,128.46,88.63,Orange,0.94,7.12,1.43
4.12,3.5,8.42,164.56,76.89,Orange,1.18,4.3,2.11
2.95,3.58,6.31,206.36,73.74,Apple,0.82,3.36,2.76
2.89,4.34,6.55,172.16,89.07,Apple,0.67,3.66,1.91
6.24,3.05,7.78,157.31,83.25,Orange,2.05,1.54,1.87
2.79,2.72,5.91,165.74,89.39,Apple,1.03,3.12,1.83
3.86,3.4,8.22,152.74,81.23,Orange,1.14,4.36,1.86
4.62,2.72,8.86,134.97,91.79,Orange,1.7,4.24,1.45
1.46,3.77,5.75,151.21,67.62,Apple,0.39,4.29,2.2
4.68,2.27,9.34,151.9,83.1,Orange,2.06,4.66,1.81
4.62,2.78,8.4,121.69,91.08,Orange,1.66,3.78,1.32
1.94,2.99,5.99,203.3,67.57,Apple,0.65,4.05,2.96
2.87,3.09,6.69,160.55,78.99,Orange,0.93,3.82,2.01
4.21,3.99,7.71,155.99,72.61,Apple,1.06,3.5,2.12
2.65,1.53,8.41,177.13,87.12,Orange,1.73,5.76,2.01
2.9,2.61,8.96,189.84,66.67,Apple,1.11,6.06,2.81
3.0,3.72,9.27,124.55,87.22,Orange,0.81,6.27,1.41
3.74,3.46,6.61,209.63,77.99,Apple,1.08,2.87,2.65
2.55,3.78,5.78,195.65,67.33,Apple,0.67,3.23,2.86
5.09,2.52,8.25,161.26,83.29,Orange,2.02,3.16,1.91
3.35,3.44,6.5,220.21,72.75,Apple,0.97,3.15,2.99
2.82,3.32,6.68,186.2,55.85,Apple,0.85,3.86,3.28
3.98,1.56,9.34,161.03,93.0,Orange,2.55,5.36,1.71
3.59,2.77,7.36,134.13,73.78,Orange,1.3,3.77,1.79
2.81,3.66,6.62,143.88,67.48,Apple,0.77,3.81,2.1
4.16,2.84,8.87,119.8,87.35,Orange,1.46,4.71,1.36
3.69,3.71,7.66,177.67,73.22,Apple,0.99,3.97,2.39
3.42,2.93,7.36,179.45,83.19,Apple,1.17,3.94,2.13
2.14,3.47,6.43,226.06,85.22,Apple,0.62,4.29,2.62
2.94,2.34,6.73,149.33,93.46,Orange,1.26,3.79,1.58
3.75,1.83,9.062327821396403,126.61,91.17,Orange,2.05,5.31,1.37
4.77,2.48,6.79,137.04,81.23,Orange,1.92,2.02,1.67
5.59,2.97,9.6,177.09,74.23,Orange,1.88,4.01,2.35
2.16,3.13,8.41,145.13,70.71,Apple,0.69,6.25,2.02
2.29,3.38,6.42,159.33,84.0,Apple,0.68,4.13,1.87
2.97,4.36,5.62,191.26,82.59,Apple,0.68,2.65,2.29
3.49,3.52,5.83,177.98,78.4,Apple,0.99,2.34,2.24
2.99,2.43,7.95,201.86,70.6,Apple,1.23,4.96,2.82
4.85,,8.73,175.14,75.49,Orange,,3.88,2.29
2.69,3.8,6.72,169.27,58.86,Apple,0.71,4.03,2.83
3.26,4.96,5.71,231.67,77.42,Apple,0.66,2.45,2.95
1.45,3.58,6.81,175.28,79.04,Apple,0.41,5.36,2.19
4.93,2.66,10.62,140.21,85.62,Orange,1.85,5.69,1.62
3.14,2.36,7.38,120.94,80.44,Orange,1.33,4.24,1.49
3.48,3.75,7.61,195.68,65.39,Apple,0.93,4.13,2.95
2.95,3.34,5.06,201.3,70.19,Apple,0.88,2.11,2.83
4.2,2.76,7.51,158.9,84.31,Orange,1.52,3.31,1.86
3.65,3.63,8.17,118.76,78.22,Apple,1.01,4.52,1.5
3.7,2.27,8.92,145.36,90.25,Orange,1.63,5.22,1.59
3.03,1.95,9.92,172.37,77.92,Orange,1.55,6.89,2.18
2.01,4.28,6.55,191.09,67.65,Apple,0.47,4.54,2.78
2.52,3.87,6.77,189.14,81.04,Apple,0.65,4.25,2.31
4.01,3.85,6.57,,84.79,Orange,1.04,2.56,
2.92,4.35,5.61,159.97,78.94,Apple,0.67,2.69,2.0
4.26,3.03,7.0,188.06,74.64,Apple,1.41,2.74,2.49
4.1,,7.79,120.86,65.6,Orange,,3.69,1.81
4.12,1.14,6.1,147.31,79.19,Orange,3.61,1.98,1.84
6.11,1.61,8.17,145.46,66.68,Orange,3.8,2.06,2.15
2.76,1.64,10.13,186.57,81.13,Orange,1.68,7.37,2.27
2.26,2.67,6.32,178.53,82.4,Apple,0.85,4.06,2.14
3.79,3.16,5.54,153.63,71.49,Apple,1.2,1.75,2.12
4.13,2.89,8.6,170.43,70.51,Orange,1.43,4.47,2.38
4.6,3.57,7.84,188.88,78.95,Apple,1.29,3.24,2.36
3.19,3.13,7.68,182.3,56.96,Apple,1.02,4.49,3.15
4.65,3.16,8.51,175.65,86.69,Orange,1.47,3.86,2.0
4.66,3.39,4.76,137.84,72.65,Apple,1.37,0.1,1.87
2.6,3.16,8.88,194.19,80.42,Apple,0.82,6.28,2.39
3.74,4.13,6.51,171.41,83.51,Apple,0.91,2.77,2.03
3.07,3.4,6.15,191.72,77.83,Apple,0.9,3.08,2.43
3.84,4.07,6.91,224.72,88.97,Apple,0.94,3.07,2.5
4.03,3.23,7.96,124.21,74.51,Apple,1.25,3.93,1.64
3.87,3.2,7.52,160.39,81.07,Apple,1.21,3.65,1.95
3.69,4.35,9.16,138.68,75.63,Orange,0.85,5.47,1.81
5.07,0.86,9.27,170.51,88.26,Orange,5.9,4.2,1.91
2.6,3.46,5.36,137.38,82.4,Apple,0.75,2.76,1.65
4.0,2.57,6.43,156.21,86.26,Orange,1.56,2.43,1.79
3.39,3.41,7.88,181.56,73.15,Apple,0.99,4.49,2.45
2.67,3.5,3.96,175.42,65.28,Apple,0.76,1.29,2.65
2.0,2.72,4.76,179.44,88.29,Orange,0.74,2.76,2.01
2.27,3.38,5.39,167.46,78.51,Apple,0.67,3.12,2.11
3.87,4.95,7.22,160.35,85.61,Orange,0.78,3.35,1.85
4.6,2.89,7.17,151.5,82.01,Apple,1.59,2.57,1.83
3.83,2.24,9.22,125.65,84.28,Orange,1.71,5.39,1.47
2.29,2.51,5.87,168.54,67.06,Apple,0.91,3.58,2.48
4.42,2.14,8.93,162.86,98.83,Orange,2.07,4.51,1.63
4.59,2.9,10.35,242.61,84.93,Apple,1.58,5.76,2.82
2.33,2.63,7.21,129.94,88.52,Orange,0.89,4.88,1.45
3.56,3.32,5.35,193.4,84.83,Apple,1.07,1.79,2.25
2.62,4.18,8.44,206.6,74.73,Apple,0.63,5.82,2.73
3.55,3.11,7.53,155.42,91.41,Orange,1.14,3.98,1.68
4.02,2.61,6.94,221.42,70.5,Apple,1.54,2.92,3.1
4.81,2.09,5.59,106.22,95.68,Orange,2.3,0.78,1.1
5.12,2.58,8.93,147.63,74.11,Orange,1.98,3.81,1.97
3.8,2.77,7.67,166.59,78.03,Apple,1.37,3.87,2.11
2.5,3.65,7.23,136.89,83.87,Orange,0.68,4.73,1.61
3.33,3.33,6.33,183.5,75.14,Apple,1.0,3.0,2.41
4.22,2.1,8.45,176.48,94.98,Orange,2.01,4.23,1.84
2.33,2.91,5.7,177.69,83.28,Apple,0.8,3.37,2.11
3.46,2.79,4.84,153.75,76.36,Apple,1.24,1.38,1.99
3.69,0.81,9.23,154.16,80.8,Orange,4.56,5.54,1.88
4.12,3.75,7.04,152.11,83.14,Orange,1.1,2.92,1.81
3.99,3.46,6.45,195.09,65.3,Apple,1.15,2.46,2.94
5.08,2.69,7.49,176.42,85.01,Orange,1.89,2.41,2.05
3.27,3.51,8.28,158.4,80.26,Apple,0.93,5.01,1.95
3.47,4.02,6.68,195.43,62.86,Apple,0.86,3.21,3.06
2.52,3.72,6.47,171.18,82.15,Apple,0.68,3.95,2.06
2.16,3.81,8.65,207.81,82.78,Apple,0.57,6.49,2.48
2.34,3.47,7.4,203.65,77.17,Apple,0.67,5.06,2.61
1.25,4.38,6.53,183.39,88.52,Apple,0.29,5.28,2.05
5.27,1.63,7.64,114.67,71.55,Orange,3.23,2.37,1.58
3.95,2.83,6.04,138.75,82.88,Orange,1.4,2.09,1.65
4.03,2.92,8.08,163.01,92.75,Orange,1.38,4.05,1.74
3.26,3.69,6.63,160.97,78.25,Apple,0.88,3.37,2.03
5.320164941513582,3.51,7.05,144.26,71.14,Apple,1.52,1.73,2.0
4.02,3.67,5.81,134.25,88.98,Orange,1.1,1.79,1.49
3.81,3.78,7.97,142.31,76.37,Orange,1.01,4.16,1.84
2.38,2.94,3.95,206.76,84.07,Apple,0.81,1.57,2.43
5.64,2.83,7.5,199.77,82.39,Orange,1.99,1.86,2.4
4.99,3.9,8.17,175.44,79.35,Orange,1.28,3.18,2.18
4.21,3.77,7.29,174.46,104.65,Orange,1.12,3.08,1.65
5.05,2.38,7.58,177.46,77.19,Orange,2.12,2.53,2.27
3.03,4.02,5.92,130.01,93.01,Orange,0.75,2.89,1.38
3.36,3.52,6.99,162.45,69.97,Apple,0.95,3.63,2.29
5.6,2.58,10.18,127.67,74.41,Orange,2.17,4.58,1.69
3.9,1.29,11.29,181.41,85.06,Orange,3.02,7.39,2.11
2.41,,7.99,206.48,73.76,Apple,,5.58,2.76
2.38,2.54,7.76,182.48,84.68,Apple,0.94,5.38,2.13
3.28,4.47,5.79,183.87,76.39,Apple,0.73,2.51,2.38
2.4,3.45,9.09,146.72,110.55,Orange,0.7,6.69,1.32
2.69,1.57,8.27,157.82,86.15,Orange,1.71,5.58,1.81
3.17,3.39,7.2,172.42,71.22,Apple,0.94,4.03,2.39
3.73,3.78,4.98,184.32,74.4,Apple,0.99,1.25,2.44
2.89,3.08,7.92,150.26,93.14,Apple,0.94,5.03,1.6
2.98,2.99,7.59,137.87,92.29,Orange,1.0,4.61,1.48
5.36,2.75,8.33,148.64,72.29,Orange,1.95,2.97,2.03
4.72,2.95,6.7,167.16,105.44,Orange,1.6,1.98,1.57
4.91,2.93,7.05,174.79,75.9,Apple,1.68,2.14,2.27
3.54,3.71,6.3,197.33,83.01,Apple,0.95,2.76,2.35
1.43,3.21,4.27,148.45,69.85,Apple,0.45,2.84,2.1
3.61,2.79,8.4,168.94,69.31,Apple,1.29,4.79,2.4
4.62,2.55,8.96,143.08,94.44,Orange,1.81,4.34,1.5
4.4,2.16,7.16,164.22,72.44,Orange,2.04,2.76,2.24
4.39,2.27,6.19,196.98,90.36,Orange,1.93,1.8,2.16
2.57,2.67,6.26,165.37,66.51,Orange,0.96,3.69,2.45
2.35,3.08,7.56,142.54,71.18,Apple,0.76,5.21,1.97
4.77,2.12,6.52,163.67,93.92,Orange,2.25,1.75,1.72
3.16,1.39,6.5,128.34,78.74,Orange,2.27,3.34,1.61
4.24,2.71,10.17,154.43,70.71,Orange,1.56,5.93,2.15
3.47,3.58,6.79,199.69,73.18,Apple,0.97,3.32,2.69
4.99,3.32,7.24,153.29,73.57,Apple,1.5,2.25,2.06
3.27,4.42,7.77,160.89,79.64,Apple,0.74,4.5,2.0
4.44,2.47,7.9,160.22,76.01,Orange,1.8,3.46,2.08
4.61,2.75,8.74,145.48,76.77,Orange,1.68,4.13,1.87
3.83,2.71,6.55,205.99,70.59,Apple,1.41,2.72,2.88
4.55,2.28,7.39,125.13,84.97,Orange,2.0,2.84,1.46
4.13,3.19,6.42,145.08,82.75,Orange,1.29,2.29,1.73
3.12,2.58,5.76,208.07,,Apple,1.21,2.64,
2.73,3.14,5.94,169.47,70.94,Apple,0.87,3.21,2.36
2.82,2.17,9.93,151.28,93.18,Orange,1.3,7.11,1.61
2.98,4.36,8.18,183.28,71.61,Apple,0.68,5.2,2.52
3.08,3.36,8.12,122.12,86.28,Orange,0.92,5.04,1.4
2.4,2.77,5.26,187.98,66.59,Apple,0.87,2.86,2.78
3.76,3.39,7.38,189.35,73.29,Orange,1.11,3.62,2.55
3.02,3.73,6.88,150.04,82.89,Apple,0.81,3.86,1.79
2.62,3.76,6.59,180.84,89.81,Apple,,3.97,1.99
3.91,2.66,7.25,125.6,89.81,Orange,1.47,3.34,1.38
2.4,2.96,7.97,198.94,72.79,Apple,0.81,5.57,2.7
3.31,3.57,5.98,199.81,86.4,Apple,0.93,2.67,2.29
3.79,4.19,5.71,186.19,75.87,Apple,0.9,1.92,2.42
4.57,2.81,9.27,148.88,86.2,Orange,1.63,4.7,1.71
2.6,2.96,8.43,144.64,71.22,Orange,0.88,5.83,2.0
4.33,2.88,7.05,157.71,81.14,Orange,1.5,2.72,1.92
4.7,3.59,6.51,181.6,88.76,Apple,1.31,1.81,2.02
2.64,4.2,6.46,191.01,79.95,Apple,0.63,3.82,2.36
4.55,3.99,8.55,182.84,,Apple,1.14,4.0,
2.4,3.36,7.23,191.6,75.35,Apple,0.71,4.83,2.51
2.89,2.41,7.2,174.97,77.36,Apple,1.2,4.31,2.23
3.92,3.78,5.28,177.13,71.4,Apple,1.04,1.36,2.45
4.2,4.28,7.35,200.51,81.02,Apple,0.98,3.15,2.44
4.84,2.99,7.42,142.32,81.16,Orange,1.62,2.58,1.73
3.72,4.25,5.4,142.92,77.47,Apple,0.88,1.68,1.82
3.63,3.76,6.49,175.3,80.62,Apple,0.97,2.86,2.15
5.38,2.58,7.67,172.95,90.02,Orange,2.09,2.29,1.9
3.61,3.33,6.54,218.03,78.63,Apple,1.08,2.93,2.74
5.21,2.61,7.91,159.93,83.23,Orange,2.0,2.7,1.9
5.56,2.91,9.28,127.59,95.74,Orange,1.91,3.72,1.32
5.29,2.29,8.0,151.34,87.82,Orange,2.31,2.71,1.7
2.91,4.83,4.24,221.26,81.48,Apple,0.6,1.33,2.68
5.05,2.45,4.98,124.15,78.15,Orange,2.06,-0.07,1.57
3.37,4.74,5.67,183.36,80.07,Apple,0.71,2.3,2.26
3.98,2.74,7.46,188.3,71.4,Apple,1.45,3.48,2.6
3.62,3.68,6.88,213.71,74.62,Apple,0.98,3.26,2.83
5.65,2.37,7.59,183.07,101.05,Orange,2.38,1.94,1.79
1.99,2.37,6.63,175.09,69.02,Apple,0.84,4.64,2.5
2.9,3.6,7.99,166.95,84.07,Apple,0.81,5.09,1.96
4.39,2.73,7.72,136.04,76.6,Orange,1.61,3.33,1.75
1.42,2.78,7.34,169.74,73.07,Apple,0.51,5.92,2.29
2.94,2.86,8.27,205.8,75.39,Apple,1.03,5.33,2.69
2.67,3.94,7.32,192.3,79.83,Apple,0.68,4.65,2.38
4.05,4.01,8.94,193.95,79.8,Apple,1.01,4.89,2.4
3.97,3.64,6.95,181.71,75.48,Apple,1.09,2.98,2.38
1.99,4.25,7.95,,84.62,Apple,0.47,5.96,
4.23,3.3,8.99,153.76,81.79,Orange,1.28,4.76,1.86
3.58,4.55,7.99,170.17,79.35,Apple,0.79,4.41,2.12
,4.07,6.62,182.47,76.66,Apple,,,2.35
3.05,3.08,8.24,114.05,65.91,Orange,0.99,5.19,1.7
2.17,2.34,8.26,185.76,78.16,Apple,0.93,6.09,2.35
5.98,2.51,7.79,153.18,92.39,Orange,2.38,1.81,1.64
3.76,3.42,5.25,168.62,83.19,Apple,1.1,1.49,2.0
3.96,4.47,6.04,257.25,67.99,Apple,0.89,2.08,3.73
4.04,3.68,7.44,200.49,67.22,Apple,1.1,3.4,2.94
2.85,2.58,8.29,188.35,70.47,Apple,1.1,5.44,2.64
2.94,3.35,7.25,171.95,84.13,Apple,0.88,4.31,2.02
3.05,4.23,7.95,166.59,63.05,Apple,0.72,4.9,2.6
1.6,4.48,5.28,174.65,79.13,Apple,0.36,3.68,2.18
3.11,4.11,5.98,185.71,79.38,Apple,0.76,2.87,2.31
2.8,4.29,6.76,131.06,85.16,Apple,0.65,3.96,1.52
2.08,3.57,6.49,138.74,77.28,Apple,0.58,4.41,1.77
2.43,3.17,6.87,162.3,65.35,Apple,0.77,4.44,2.45
3.46,4.51,8.02,183.31,68.22,Apple,0.77,4.56,2.65
,3.09,5.26,170.87,89.37,Orange,,,1.89
2.13,3.45,6.87,215.09,72.2,Apple,0.62,4.74,2.94
4.85,2.34,7.19,109.89,88.26,Orange,2.07,2.34,1.23
4.59,2.25,8.62,140.12,81.1,Orange,2.04,4.03,1.71
4.14,4.37,6.9,216.24,87.68,Apple,0.95,2.76,2.44
4.24,2.96,8.99,196.41,77.42,Orange,1.43,4.75,2.5
3.7,2.69,8.5,192.44,90.72,Orange,1.38,4.8,2.1
2.88,3.16,7.46,229.39,85.39,Apple,0.91,4.58,2.66
3.32,4.23,6.96,160.71,83.14,Apple,0.78,3.64,1.91
4.24,2.47,8.04,100.55,85.95,Orange,1.72,3.8,1.16
2.86,2.49,6.62,138.33,83.34,Orange,1.15,3.76,1.64
3.51,3.85,5.49,129.05,65.68,Apple,0.91,1.98,1.94
3.51,3.11,5.67,170.57,83.19,Apple,1.13,2.16,2.03
3.37,4.1,9.5,200.07,75.59,Apple,0.82,6.13,2.61
2.83,3.08,5.36,191.37,72.75,Apple,0.92,2.53,2.59
3.74,3.09,6.26,132.39,62.7,Orange,1.21,2.52,2.08
2.1,4.09,7.49,168.5,56.2,Apple,0.51,5.39,2.95
3.15,3.02,5.07,161.78,67.34,Apple,1.04,1.92,2.37
3.66,2.35,7.61,167.23,89.42,Orange,1.56,3.95,1.85
3.74,3.85,9.05,165.58,72.6,Apple,0.97,5.31,2.25
2.49,3.43,5.11,185.22,74.83,Apple,0.73,2.62,2.44
2.99,2.17,6.44,166.75,78.94,Orange,1.38,3.45,2.09
4.45,1.68,7.65,,85.22,Orange,2.65,3.2,
2.82,2.99,7.68,202.41,86.81,Apple,0.94,4.86,2.31
3.51,4.25,8.47,145.76,67.98,Apple,0.83,4.96,2.11
1.16,3.81,6.4,148.23,60.24,Apple,0.3,5.24,2.42
3.67,4.22,7.66,192.77,94.91,Apple,0.87,3.99,2.01
3.47,3.47,,176.38,94.19,Apple,1.0,,1.85
2.58,4.05,8.43,166.97,77.67,Apple,0.64,5.85,2.12
3.23,3.6,6.88,203.33,65.98,Apple,0.9,3.65,3.04
3.1,2.4,4.47,182.83,83.7,Apple,1.29,1.37,2.16
2.26,4.63,6.13,179.34,75.16,Apple,0.49,3.87,2.35
2.49,4.45,6.57,197.55,75.07,Apple,0.56,4.08,2.6
3.88,3.51,6.49,168.29,83.44,Apple,1.11,2.61,1.99
2.88,2.46,6.77,217.01,78.47,Apple,1.17,3.89,2.73
3.15,4.22,7.67,158.6,66.52,Apple,0.75,4.52,2.35
2.5,1.56,9.56,165.02,75.57,Orange,1.6,7.06,2.16
2.96,3.84,6.49,214.03,81.51,Apple,0.77,3.53,2.59
3.65,3.87,6.47,140.6,84.43,Orange,0.94,2.82,1.65
3.79,1.59,5.3,188.94,85.37,Orange,2.38,1.51,2.19
3.98,3.73,7.53,206.99,83.22,Apple,1.07,3.55,2.46
2.16,3.66,7.72,207.07,73.04,Apple,0.59,5.56,2.8
2.46,3.01,6.78,173.76,77.48,Apple,0.82,4.32,2.21
3.43,4.06,9.53,159.7,48.91,Apple,0.84,6.1,3.2
3.57,2.3,8.9,140.88,105.51,Orange,1.55,5.33,1.32
2.31,5.56,6.16,207.55,82.1,Apple,0.42,3.85,2.5
3.13,3.07,6.41,148.77,73.0,Apple,1.02,3.28,2.01
3.26,3.62,7.25,147.98,72.3,Apple,0.9,3.99,2.02
3.46,2.53,8.0,184.07,67.33,Apple,1.37,4.54,2.69
3.68,2.24,6.55,144.11,80.81,Orange,1.64,2.87,1.76
2.72,3.4,5.38,170.56,80.62,Apple,0.8,2.66,2.09
3.15,4.36,8.23,195.1,82.41,Apple,0.72,5.08,2.34
3.82,3.75,8.53,135.02,83.29,Orange,1.02,4.71,1.6
4.56,2.19,7.03,183.82,95.09,Orange,2.08,2.47,1.91
0.87,3.47,6.55,167.07,73.56,Apple,0.25,5.68,2.24
4.16,1.77,5.64,179.97,73.91,Apple,2.35,1.48,2.4
3.55,4.21,5.72,170.99,70.97,Apple,0.84,2.17,2.38
1.17,2.38,5.83,148.95,73.26,Apple,0.49,4.66,2.01
2.35,3.58,7.42,132.37,82.76,Apple,0.66,5.07,1.58
3.22,2.72,6.38,165.18,60.16,Apple,1.18,3.16,2.7
4.86,2.68,5.59,200.3,90.35,Apple,1.81,0.73,2.19
3.2,4.53,7.45,209.63,80.02,Apple,0.71,4.25,2.59
4.6,2.7,8.28,166.32,79.39,Orange,1.7,3.68,2.07
2.8,3.47,7.04,157.46,83.38,Apple,0.81,4.24,1.87
4.2,,6.28,148.98,64.22,Apple,,2.08,2.28
2.12,3.64,6.12,190.29,70.51,Apple,0.58,4.0,2.66
3.27,3.16,6.82,154.24,90.2,Orange,1.03,3.55,1.69
3.46,2.32,8.58,187.94,86.78,Apple,1.49,5.12,2.14
2.09,4.16,8.1,127.48,75.6,Apple,0.5,6.01,1.66
4.04,3.14,6.86,174.25,91.56,Orange,1.29,2.82,1.88
2.74,2.87,6.6,134.7,76.24,Orange,0.95,3.86,1.74
3.69,2.18,6.68,133.47,76.51,Orange,1.69,2.99,1.72
3.08,3.76,7.45,197.3,89.46,Apple,0.82,4.37,2.18
2.79,3.55,7.31,181.24,83.96,Apple,0.79,4.52,2.13
3.62,1.59,3.49,170.87,77.46,Orange,2.28,-0.13,2.18
5.81,2.5,6.88,122.71,86.03,Orange,2.32,1.07,1.41
3.21,3.17,7.59,194.97,80.4,Apple,1.01,4.38,2.4
2.69,3.48,6.95,185.95,79.83,Apple,0.77,4.26,2.3
5.92,3.21,6.51,179.66,84.78,Apple,1.84,0.59,2.09
4.24,2.76,8.17,128.31,79.35,Orange,1.54,3.93,1.6
2.25,3.9,8.52,179.67,75.03,Apple,0.58,6.27,2.36
3.12,2.87,7.23,190.3,81.21,Apple,1.09,4.11,2.31
3.93,3.59,6.41,184.78,72.69,Apple,1.09,2.48,2.51
3.17,4.65,5.25,187.35,68.66,Apple,0.68,2.08,2.69
1.83,2.25,6.6,211.38,73.91,Apple,0.81,4.77,2.82
3.87,2.38,8.33,184.84,75.71,Apple,1.63,4.46,2.41
3.07,1.9,6.91,153.49,91.78,Orange,1.62,3.84,1.65
4.59,2.71,6.31,199.82,82.8,Apple,1.69,1.72,2.38
3.51,3.53,7.01,143.7,53.71,Apple,0.99,3.5,2.63
2.6,3.36,5.69,151.35,97.73,Apple,0.77,3.09,1.53
4.67,3.79,8.56,186.6,87.98,Apple,1.23,3.89,2.1
2.99,5.06,8.25,190.91,74.13,Apple,0.59,5.26,2.54
3.93,4.22,6.26,146.87,76.26,Apple,0.93,2.33,1.9
3.79,3.78,6.46,167.99,78.22,Apple,1.0,2.67,2.12
2.06,2.73,3.9,163.11,71.29,Apple,0.75,1.84,2.26
2.73,2.68,5.14,165.74,78.03,Apple,1.02,2.41,2.1
3.69,1.86,8.44,139.93,86.66,Orange,1.98,4.75,1.6
2.55,3.04,6.69,195.81,75.21,Apple,0.84,4.14,2.57
3.92,4.28,6.95,140.98,81.92,Orange,0.92,3.03,1.7
2.22,4.33,5.13,163.99,65.44,Apple,0.51,2.91,2.47
5.58,3.35,7.3,145.2,82.03,Orange,1.67,1.72,1.75
5.98,2.72,9.61,165.31,85.98,Orange,2.2,3.63,1.9
2.13,3.17,7.77,192.79,76.82,Apple,0.67,5.64,2.48
3.26,3.81,4.77,160.39,74.24,Apple,0.86,1.51,2.13
4.38,3.48,7.5,195.93,85.31,Apple,1.26,3.12,2.27
3.07,2.3,6.07,176.19,72.92,Apple,1.33,3.0,2.38
3.26,3.08,7.89,155.05,71.09,Orange,1.06,4.63,2.15
4.27,3.06,9.03,134.09,76.53,Orange,1.4,4.76,1.73
3.27,2.59,7.41,154.46,101.66,Orange,1.26,4.14,1.5
2.92,4.09,5.91,169.29,77.64,Apple,0.71,2.99,2.15
3.39,1.69,10.29,156.5,73.39,Orange,2.01,6.9,2.1
3.98,3.18,6.99,162.06,86.7,Orange,1.25,3.01,1.85
4.76,3.99,7.16,194.71,74.02,Apple,1.19,2.4,2.6
3.87,2.61,6.94,225.07,86.24,Apple,1.48,3.07,2.58
4.89,2.02,7.4,165.97,96.69,Orange,2.42,2.51,1.7
3.02,3.97,5.5,136.16,69.46,Apple,0.76,2.48,1.93
4.3,1.47,8.4,127.77,79.46,Orange,2.93,4.1,1.59
3.42,2.69,5.16,174.31,73.86,Apple,1.27,1.74,2.33
3.49,1.75,7.42,161.49,79.32,Orange,1.99,3.93,2.01
3.23,4.37,5.04,183.26,53.96,Apple,0.74,1.81,3.33
3.81,3.62,8.11,181.26,76.13,Apple,1.05,4.3,2.35
2.18,4.19,5.8,138.06,72.38,Apple,0.52,3.62,1.88
4.33,3.79,6.81,120.31,83.17,Orange,1.14,2.48,1.43
3.96,3.16,9.28,154.84,70.24,Orange,1.25,5.32,2.17
2.72,3.8,5.1,181.32,71.82,Apple,0.72,2.38,2.49
1.56,3.02,6.46,167.79,76.0,Apple,0.52,4.9,2.18
4.63,3.02,8.91,191.45,82.4,Orange,1.53,4.28,2.3
3.37,3.05,5.56,189.55,78.67,Apple,1.1,2.19,2.38
3.86,2.04,8.87,151.21,81.22,Orange,1.89,5.01,1.84
2.68,3.1,6.01,184.98,78.23,Apple,0.86,3.33,2.33
2.64,4.03,6.13,156.71,82.31,Apple,0.66,3.49,1.88
3.36,3.12,7.53,179.05,84.53,Apple,1.08,4.17,2.09
3.17,4.04,5.62,143.86,86.07,Apple,0.78,2.45,1.65
3.36,3.59,8.12,142.52,97.37,Orange,0.94,4.76,1.45
2.57,3.15,6.39,180.09,72.1,Apple,0.82,3.82,2.46
2.25,2.74,6.5,133.87,70.38,Apple,0.82,4.25,1.88
3.73,2.85,7.64,162.34,85.44,Orange,1.31,3.91,1.88
4.2,3.38,5.0,189.5,81.46,Apple,1.24,0.8,2.3
3.1,3.5,8.0,169.73,82.25,Apple,0.89,4.9,2.04
3.23,1.36,7.6,137.64,81.97,Orange,2.38,4.37,1.66
3.57,1.68,3.74,128.31,80.31,Orange,2.12,0.17,1.58
3.71,3.51,6.09,192.26,79.22,Apple,1.06,2.38,2.4
4.14,1.97,6.91,128.98,67.7,Orange,2.1,2.77,1.88
2.41,1.89,8.48,192.87,81.76,Orange,1.28,6.07,2.33
3.04,3.48,4.44,168.61,73.42,Apple,0.87,1.4,2.27
2.63,4.16,6.14,202.62,73.52,Apple,0.63,3.51,2.72
4.01,2.71,9.83,186.51,93.87,Orange,1.48,5.82,1.97
2.11,3.84,8.8,165.04,74.43,Orange,0.55,6.69,2.19
4.09,3.4,9.76,189.04,70.2,Apple,1.2,5.67,2.66
3.65,1.94,7.25,131.03,86.64,Orange,1.88,3.6,1.5
5.37,3.36,8.19,121.42,95.97,Orange,1.6,2.82,1.25
3.11,4.62,7.17,176.45,69.72,Apple,0.67,4.06,2.5
2.86,3.29,8.32,171.39,91.38,Apple,0.87,5.46,1.86
3.8,2.53,7.1,170.31,81.88,Apple,1.5,3.3,2.05
2.51,2.95,7.2,127.01,84.76,Orange,0.85,4.69,1.48
3.36,3.74,8.13,154.77,85.41,Apple,0.9,4.77,1.79
1.67,3.96,7.42,151.13,90.7,Apple,0.42,5.75,1.65
4.65,3.39,8.39,149.43,85.0,Orange,1.37,3.74,1.74
7.26,2.67,9.64,187.45,78.83,Orange,2.72,2.38,2.35
1.92,4.23,7.76,191.53,69.67,Apple,0.45,5.84,2.71
4.75,3.38,6.12,158.57,90.84,Orange,1.41,1.37,1.73
3.4,3.64,6.68,151.58,73.41,Apple,0.93,3.28,2.04
3.72,2.69,8.69,138.85,73.78,Orange,1.38,4.97,1.86
3.62,2.32,8.68,175.26,77.79,Apple,1.56,5.06,2.22
3.9,3.14,5.83,183.62,76.27,Apple,1.24,1.93,2.38
3.44,3.51,7.22,105.82,77.28,Orange,0.98,3.78,1.35
4.21,3.78,5.92,181.8,58.92,Apple,1.11,1.71,3.03
3.24,3.45,7.89,167.72,68.03,Apple,0.94,4.65,2.43
4.72,3.78,7.08,140.39,94.43,Orange,1.25,2.36,1.47
3.96,2.66,9.54,164.29,84.37,Orange,1.49,5.58,1.92
3.3,2.24,7.79,149.73,79.98,Orange,1.47,4.49,1.85
3.83,1.95,6.99,150.47,70.34,Orange,1.96,3.16,2.11
1.98,3.8,8.13,195.27,66.92,Apple,0.52,6.15,2.88
3.57,4.11,8.14,156.02,74.67,Apple,0.87,4.57,2.06
2.86,3.11,7.56,157.85,67.36,Apple,0.92,4.7,2.31
1.6,4.31,6.03,172.11,69.43,Apple,0.37,4.43,2.44
4.8,2.33,8.03,153.65,91.38,Orange,2.06,3.23,1.66
2.9,4.78,7.18,174.18,75.03,Apple,0.61,4.28,2.29
2.76,3.41,5.51,189.19,69.22,Apple,0.81,2.75,2.69
3.83,3.35,9.09,222.3,83.05,Apple,1.14,5.26,2.64
4.52,2.42,9.51,161.24,102.72,Orange,1.87,4.99,1.55
3.49,3.66,3.73,135.69,75.19,Apple,0.95,0.24,1.78
2.63,3.13,6.99,198.76,69.54,Apple,0.84,4.36,2.82
3.05,3.13,6.04,219.85,78.82,Apple,0.97,2.99,2.75
4.88,1.74,9.19,141.33,79.52,Orange,2.8,4.31,1.76
4.09,4.06,6.73,151.0,76.9,Apple,1.01,2.64,1.94
4.25,2.47,8.04,116.88,78.85,Orange,1.72,3.79,1.46
4.0,3.58,9.19,145.84,77.35,Orange,1.12,5.19,1.86
3.58,3.09,7.22,194.17,83.26,Apple,1.16,3.64,2.3
2.79,2.42,6.12,162.38,74.44,Orange,1.15,3.33,2.15
4.14,2.52,6.18,92.1,96.09,Orange,1.64,2.04,0.95
5.55,2.79,8.19,155.8,90.48,Orange,1.99,2.64,1.7
4.31,4.38,5.67,181.46,72.49,Apple,0.98,1.36,2.47
2.46,3.47,7.47,168.61,78.91,Apple,0.71,5.01,2.11
3.4,2.12,8.01,129.15,79.11,Orange,1.6,4.61,1.61
3.92,3.84,8.91,178.44,79.92,Apple,1.02,4.99,2.21
4.58,4.06,7.53,145.78,93.85,Orange,1.13,2.95,1.54
4.7,2.06,7.86,128.64,77.64,Orange,2.28,3.16,1.64
5.04,,5.14,141.54,70.22,Orange,,0.1,1.99
2.69,4.03,5.91,153.08,77.68,Apple,0.67,3.22,1.95
2.89,3.07,8.13,233.8,70.17,Apple,0.94,5.24,3.29
2.59,2.83,7.38,174.36,74.12,Orange,0.92,4.79,2.32
3.9,2.67,8.55,123.29,77.01,Orange,1.46,4.65,1.58
3.0,4.05,7.44,213.48,75.3,Apple,0.74,4.44,2.8
4.12,2.85,7.75,168.46,77.61,Orange,1.45,3.63,2.14
4.42,1.27,7.01,138.23,80.87,Orange,3.48,2.59,1.69
,3.5,6.6,187.15,76.32,Apple,,,2.42
2.24,2.77,6.7,152.87,76.99,Apple,0.81,4.46,1.96
3.74,1.5,6.76,174.49,72.32,Apple,2.49,3.02,2.38
3.92,3.92,5.4,173.09,73.87,Apple,1.0,1.48,2.31
3.33,3.35,5.97,182.52,87.08,Apple,0.99,2.64,2.07
4.08,1.39,8.82,113.71,81.02,Orange,2.94,4.74,1.39
3.74,3.35,7.62,192.35,77.74,Apple,1.12,3.88,2.44
1.01,3.4,6.74,184.36,65.19,Apple,0.3,5.73,2.79
3.29,4.42,8.28,147.67,80.11,Apple,0.74,4.99,1.82
2.45,3.81,7.27,154.45,88.51,Apple,0.64,4.82,1.73
4.47,3.97,6.3,121.25,89.36,Orange,1.13,1.83,1.34
3.13,4.33,6.36,170.89,82.0,Apple,0.72,3.23,2.06
3.93,3.55,5.53,204.39,87.44,Apple,1.11,1.6,2.31
4.75,1.45,7.01,127.97,83.93,Orange,3.28,2.26,1.51
3.94,2.94,8.23,169.07,80.84,Apple,1.34,4.29,2.07
4.06,3.11,7.25,201.86,70.27,Apple,1.31,3.19,2.83
4.09,3.51,7.86,170.57,78.55,Apple,1.17,3.77,2.14
3.8,3.9,6.2,189.29,86.74,Apple,0.97,2.4,2.16
3.73,3.88,8.92,174.37,71.2,Apple,0.96,5.19,2.42
2.93,3.91,6.36,184.47,69.23,Apple,0.75,3.43,2.63
2.61,2.36,8.6,172.2,76.56,Apple,1.11,5.99,2.22
4.98,2.55,9.57,98.07,73.91,Orange,1.95,4.59,1.31
2.29,4.2,7.13,139.4,81.0,Apple,0.55,4.84,1.7
4.62,3.42,8.41,168.57,72.43,Apple,1.35,3.79,2.3
3.56,2.07,5.84,154.01,80.73,Orange,,2.28,1.88
2.84,4.06,7.21,191.5,65.39,Apple,0.7,4.37,2.88
4.46,3.34,9.33,140.74,79.77,Orange,1.34,4.87,1.74
2.67,2.92,6.71,168.51,69.99,Apple,0.91,4.04,2.37
3.98,1.63,7.49,171.89,86.37,Orange,2.44,3.51,1.97
2.48,3.27,9.13,161.5,78.13,Apple,0.76,6.65,2.04
3.66,2.47,6.94,211.28,74.12,Apple,1.48,3.28,2.81
2.54,3.41,6.98,198.41,67.34,Apple,0.74,4.44,2.9
4.38,2.96,8.57,147.54,74.15,Orange,1.48,4.19,1.96
2.41,3.38,6.1,185.83,75.98,Apple,0.71,3.69,2.41
3.06,4.41,5.71,176.55,83.56,Apple,0.69,2.65,2.09
2.98,4.11,7.54,193.75,80.61,Apple,0.73,4.56,2.37
4.4,2.34,6.66,176.97,73.62,Orange,1.88,2.26,2.37
1.79,3.85,6.16,170.65,79.65,Apple,0.46,4.37,2.12
5.25,1.96,8.95,156.57,80.37,Orange,2.68,3.7,1.92
,2.58,6.98,175.43,64.27,Apple,,,2.69
3.44,3.35,5.0,198.72,64.81,Apple,1.03,1.56,3.02
2.99,3.46,8.58,172.63,74.16,Apple,0.86,5.59,2.3
2.3,3.72,6.98,219.71,74.87,Apple,0.62,4.68,2.9
2.5,5.22,7.89,161.3,83.08,Apple,0.48,5.39,1.92
3.49,2.8,7.08,162.52,81.91,Apple,1.25,3.59,1.96
3.49,1.3,7.87,157.21,69.43,Orange,2.68,4.38,2.23
4.01,3.57,7.22,166.95,73.86,Apple,1.12,3.21,2.23
2.21,3.65,7.02,218.29,64.86,Apple,0.61,4.81,3.31
3.32,3.9,5.67,200.48,79.14,Apple,0.85,2.35,2.5
2.72,4.47,8.43,174.27,80.29,Apple,0.61,5.71,2.14
3.51,2.16,6.1,132.84,56.74,Apple,1.62,2.59,2.3
3.07,2.21,4.66,177.28,69.76,Apple,1.39,1.59,2.51
2.3,3.44,8.16,180.51,70.58,Apple,0.67,5.86,2.52
4.42,2.62,9.710949615405289,157.8,84.31,Orange,1.69,5.29,1.85
3.49,3.1,7.48,174.54,90.76,Orange,1.13,3.99,1.9
3.7,1.96,4.98,160.85,76.06,Apple,1.89,1.28,2.09
3.63,3.23,9.07,197.58,74.17,Apple,1.12,5.44,2.63
2.17,2.11,6.77,158.39,95.42,Orange,1.03,4.6,1.64
2.88,2.86,6.55,204.68,70.0,Apple,1.01,3.67,2.88
2.15,2.91,7.49,190.26,71.35,Apple,0.74,5.34,2.63
1.73,3.11,7.26,129.46,67.52,Apple,0.56,5.53,1.89
4.51,1.95,7.69,151.91,91.54,Orange,2.31,3.18,1.64
2.96,2.62,7.28,178.4,87.4,Orange,1.13,4.32,2.02
3.85,3.31,6.02,172.8,70.05,Apple,1.16,2.17,2.43
3.11,2.15,6.62,202.46,87.99,Apple,1.45,3.51,2.28
2.08,2.83,6.05,186.12,73.39,Apple,0.73,3.97,2.5
3.96,3.13,5.44,136.97,86.59,Orange,1.27,1.48,1.56
2.26,3.5,7.59,186.37,70.96,Apple,0.65,5.33,2.59
2.58,3.42,7.64,145.79,59.83,Apple,0.75,5.06,2.4
2.72,1.27,7.91,167.04,70.25,Orange,2.14,5.19,2.34
3.36,2.33,8.67,181.84,77.83,Apple,1.44,5.31,2.31
3.17,2.3,7.43,109.75,84.64,Orange,1.38,4.26,1.28
2.21,3.92,6.84,153.79,70.72,Apple,0.56,4.63,2.14
1.32,4.79,7.6,135.36,75.82,Apple,0.28,6.28,1.76
2.84,2.92,9.28,159.9,71.7,Apple,0.97,6.44,2.2
3.36,2.24,7.24,178.07,87.44,Orange,1.5,3.88,2.01
4.71,1.59,8.37,163.41,86.34,Orange,2.96,3.66,1.87
,2.46,8.51,181.06,79.56,Orange,,,2.25
2.88,4.25,6.87,218.48,81.23,Apple,0.68,3.99,2.66
3.79,3.32,7.51,107.12,77.6,Orange,1.14,3.72,1.36
2.46,4.64,6.46,200.04,72.9,Apple,0.53,4.0,2.71
3.42,2.46,6.62,179.1,66.51,Apple,1.39,3.2,2.65
3.7,2.86,9.34,172.18,87.74,Orange,1.29,5.64,1.94
2.56,4.43,7.27,166.79,49.58,Apple,0.58,4.71,3.3
3.89,4.22,8.12,204.59,71.41,Apple,0.92,4.23,2.83
2.87,4.03,6.19,185.43,75.25,Apple,0.71,3.32,2.43
3.23,3.41,,161.22,80.76,Apple,0.95,,1.97
3.31,2.44,5.15,177.52,73.92,Apple,1.36,1.84,2.37
3.19,,7.17,172.17,78.72,Apple,,3.98,2.16
3.85,3.27,6.45,190.06,58.79,Apple,1.18,2.6,3.18
3.63,2.04,7.58,127.56,75.15,Orange,1.78,3.95,1.68
3.83,2.89,7.93,119.0,84.33,Orange,1.33,4.1,1.39
3.02,3.17,5.86,188.15,66.46,Apple,0.95,2.84,2.79
1.8,4.64,7.07,179.15,74.62,Apple,0.39,5.27,2.37
3.24,3.09,5.28,211.52,86.18,Apple,1.05,2.04,2.43
2.87,4.34,6.58,197.19,79.14,Apple,0.66,3.71,2.46
3.26,3.36,7.29,177.93,76.52,Apple,0.97,4.03,2.3
4.67,2.13,7.96,189.44,70.92,Orange,2.19,3.29,2.63
1.86,4.37,8.36,185.71,70.3,Apple,0.43,6.5,2.6
2.56,3.51,6.01,188.0,71.84,Apple,0.73,3.45,2.58
3.19,4.17,5.82,132.32,79.37,Apple,0.76,2.63,1.65
2.95,3.8,5.55,170.21,64.86,Apple,0.78,2.6,2.58
2.27,2.23,9.6,140.48,98.28,Orange,1.02,7.33,1.41
5.08,1.58,6.98,122.71,94.44,Orange,3.22,,1.29
2.15,5.08,5.38,176.21,82.37,Apple,0.42,3.23,2.11
4.58,3.06,7.08,169.47,68.01,Orange,1.5,2.5,2.46
3.12,3.51,6.79,200.46,62.41,Apple,0.89,3.67,3.16
2.98,2.33,10.74,139.42,96.33,Orange,1.28,7.76,1.43
3.08,2.56,7.31,173.97,72.0,Orange,1.2,4.23,2.38
2.25,3.58,5.97,176.43,61.53,Apple,0.63,3.72,2.82
3.49,3.03,7.41,169.73,,Apple,1.15,3.92,
3.83,4.08,6.2,134.29,95.5,Apple,0.94,2.37,1.39
2.6,4.17,8.54,160.97,80.96,Apple,0.62,5.94,1.96
2.89,2.19,5.98,167.37,96.18,Orange,1.32,3.09,1.72
2.39,4.64,8.23,175.19,82.65,Apple,0.52,5.84,2.09
3.01,3.5,6.19,140.97,70.2,Apple,0.86,3.18,1.98
3.6,2.72,8.22,151.16,89.75,Orange,1.32,4.62,1.67
4.31,2.67,10.34,,80.3,Orange,1.61,6.03,
3.26,3.52,6.08,179.15,79.78,Apple,0.93,2.82,2.22
3.69,4.31,7.46,188.39,71.45,Apple,0.86,3.77,2.6
1.36,3.39,3.57,158.22,63.47,Apple,0.4,2.21,2.45
3.79,3.44,5.83,189.38,102.26,Apple,1.1,2.04,1.83
4.47,2.63,6.48,160.69,78.25,Orange,1.7,2.01,2.03
3.65,3.76,5.55,155.5,73.61,Apple,0.97,1.9,2.08
3.44,2.16,6.63,192.09,76.79,Apple,1.59,3.19,2.47
1.95,2.88,7.02,215.38,74.09,Apple,0.68,5.07,2.87
2.47,4.53,7.58,195.87,76.7,Apple,0.55,5.11,2.52
2.75,4.19,8.73,143.82,82.81,Orange,0.66,5.98,1.72
4.81,3.04,9.85,143.4,85.34,Orange,1.58,5.04,1.66
2.6,2.59,7.4,137.8,66.46,Apple,1.0,4.8,2.04
3.53,2.97,6.97,215.1,74.9,Apple,1.19,3.44,2.83
3.67,2.7,7.79,229.13,72.51,Apple,1.36,4.12,3.12
5.7,3.61,7.4,,87.46,Orange,1.58,1.7,
4.81,2.33,7.18,154.88,90.14,Orange,2.06,2.37,1.7
2.71,3.0,5.42,148.97,77.02,Apple,0.9,2.71,1.91
4.26,2.11,7.14,155.57,93.44,Orange,2.02,2.88,1.65
3.83,3.44,8.46,177.98,85.93,Orange,1.11,4.63,2.05
4.731060247784162,4.98,6.34,175.24,76.13,Apple,0.95,1.61,2.27
3.6,3.27,7.15,150.73,85.33,Orange,1.1,3.55,1.75
2.0,4.53,7.36,174.58,73.15,Apple,0.44,5.36,2.35
2.3,4.29,6.46,185.5,72.25,Apple,0.54,4.16,2.53
3.0,3.42,6.52,212.61,71.44,Apple,0.88,3.52,2.93
3.7,3.18,7.02,168.14,75.77,Apple,1.16,3.32,2.19
2.22,3.48,6.28,228.89,56.92,Apple,0.64,4.06,3.95
5.0,2.98,5.74,152.17,82.78,Orange,1.68,0.74,1.82
2.55,4.92,4.78,174.6,70.95,Apple,0.52,2.23,2.43
3.98,2.01,7.58,135.26,83.73,Orange,1.98,3.6,1.6
3.29,3.98,7.41,195.27,69.88,Apple,0.83,4.12,2.75
2.57,3.18,5.93,169.42,77.44,Apple,0.81,3.36,2.16
2.33,2.62,6.14,149.09,77.78,Apple,0.89,3.81,1.89
2.72,3.57,7.63,209.98,86.47,Apple,0.76,4.91,2.4
3.28,2.39,5.77,154.16,77.76,Orange,1.37,2.49,1.96
2.73,2.86,5.61,181.78,75.45,Apple,0.95,2.88,2.38
2.78,3.18,7.68,146.42,72.21,Apple,0.87,4.9,2.0
4.3,3.76,7.88,147.24,70.62,Apple,1.14,3.58,2.06
4.02,0.79,6.01,175.9,71.56,Orange,5.09,1.99,2.42
4.6,3.57,7.25,161.72,79.36,Orange,1.29,2.65,2.01
3.3,3.41,6.15,193.83,81.7,Orange,0.97,2.85,2.34
2.44,2.78,6.53,203.55,78.97,Apple,0.88,4.09,2.55
3.73,2.96,4.61,196.46,80.56,Apple,1.26,0.88,2.41
3.18,3.66,5.29,212.35,86.13,Apple,0.87,2.11,2.44
,2.47,7.24,152.75,90.75,Apple,,,1.66
3.46,2.49,5.53,169.15,77.46,Apple,1.39,2.07,2.16
1.58,3.34,6.28,197.18,84.98,Apple,0.47,4.7,2.29
2.45,4.56,6.83,189.4,73.58,Apple,0.54,4.38,2.54
1.76,3.65,7.91,216.44,85.66,Apple,0.48,6.15,2.5
2.67,2.47,8.79,167.81,90.73,Orange,1.08,6.12,1.83
3.86,3.66,7.6,224.4,83.84,Apple,1.05,3.74,2.64
4.6,2.71,8.03,191.43,76.65,Apple,1.7,3.43,2.47
2.7,3.44,7.27,139.56,82.64,Orange,0.78,4.57,1.67
2.7,4.04,6.79,169.76,65.06,Apple,0.67,4.09,2.57
4.44,2.86,7.23,137.58,85.4,Orange,1.55,2.79,1.59
2.5,4.38,7.29,201.15,88.3,Apple,0.57,4.79,2.25
3.27,2.82,8.27,218.15,73.8,Apple,1.16,5.0,2.92
3.52,3.45,7.44,115.06,71.36,Orange,1.02,3.92,1.59
4.79,,7.42,176.88,101.39,Orange,,2.63,1.73
5.31,1.49,8.57,197.25,75.26,Orange,3.56,3.26,2.59
2.15,3.77,7.02,123.25,86.29,Apple,0.57,4.87,1.41
3.25,3.72,8.09,142.6,52.96,Apple,0.87,4.84,2.64
2.25,4.18,7.03,194.97,66.27,Apple,0.54,4.78,2.9
4.01,2.8,4.08,178.77,68.49,Apple,1.43,0.07,2.57
4.1,1.72,7.19,156.26,90.33,Orange,2.38,3.09,1.71
2.35,4.4,8.12,179.46,78.47,Apple,0.53,5.77,2.26
2.29,3.14,5.88,155.03,90.98,Orange,0.73,3.59,1.69
2.83,4.03,7.14,157.75,78.75,Apple,0.7,4.31,1.98
4.24,4.2,6.05,192.09,80.48,Apple,1.01,1.81,2.36
4.27,3.41,8.8,202.45,68.63,Apple,1.25,4.53,2.91
4.05,3.38,8.37,135.34,68.14,Orange,1.2,4.32,1.96
4.18,2.05,9.21,140.06,89.13,Orange,2.04,5.03,1.55
1.98,3.77,7.28,193.87,70.92,Orange,0.53,5.3,2.7
5.18,2.82,9.58,148.83,102.16,Orange,1.84,4.4,1.44
4.31,2.28,7.44,156.24,80.26,Orange,1.89,3.13,1.92
4.0,4.85,8.59,150.92,82.26,Orange,0.82,4.59,1.81
2.98,2.53,7.76,173.18,88.27,Apple,1.18,4.78,1.94
3.11,4.36,6.81,204.29,77.4,Apple,0.71,3.7,2.61
3.78,2.55,9.97,162.41,80.99,Apple,1.48,6.19,1.98
3.57,3.39,7.23,126.78,92.41,Orange,1.05,3.66,1.36
4.31,4.49,4.74,142.03,70.15,Orange,0.96,0.43,2.0
2.64,3.92,6.25,173.83,84.79,Apple,0.67,3.61,2.03
3.11,3.47,5.4,137.3,95.05,Orange,0.9,2.29,1.43
3.53,2.33,8.52,130.73,81.26,Orange,1.52,4.99,1.59
3.47,3.08,,167.29,77.38,Apple,1.13,,2.13
2.52,3.49,5.72,135.63,86.45,Apple,0.72,3.2,1.55
3.53,4.17,9.66,171.73,101.87,Orange,0.85,6.13,1.67
3.08,2.57,7.23,166.03,63.89,Apple,1.2,4.15,2.56
4.24,1.89,9.13,169.17,85.29,Orange,2.24,4.89,1.96
2.76,3.49,6.76,188.28,68.58,Apple,0.79,4.0,2.71
4.72,2.15,6.19,154.87,70.78,Orange,2.2,1.47,2.16
3.82,3.01,8.93,118.32,103.7,Orange,1.27,5.11,1.13
2.04,2.84,7.66,148.84,73.07,Orange,0.72,5.62,2.01
2.64,2.68,7.61,192.37,84.92,Apple,0.99,4.97,2.24
3.34,2.28,9.76,167.27,68.35,Orange,1.46,6.42,2.41
2.8,1.42,10.52,208.55,80.37,Orange,1.97,7.72,2.56
1.23,3.53,6.91,185.84,79.15,Apple,0.35,5.68,2.32
4.44,3.0,10.24,108.1,76.82,Orange,1.48,5.8,1.39
3.84,4.26,9.0,213.12,76.88,Apple,0.9,5.16,2.74
3.37,4.17,6.92,207.83,67.18,Apple,0.81,3.55,3.05
3.1,4.17,7.35,164.36,77.67,Apple,0.74,4.25,2.09
3.1,3.04,6.64,175.22,66.72,Apple,1.02,3.54,2.59
3.38,3.76,7.16,194.76,66.64,Apple,0.9,3.78,2.88
3.61,3.14,8.85,124.89,84.77,Orange,1.15,5.24,1.46
3.11,3.55,4.51,201.59,84.28,Apple,0.88,1.4,2.36
2.44,2.65,7.15,166.36,89.81,Orange,0.92,4.71,1.83
2.83,3.33,8.86,146.79,77.5,Apple,0.85,6.03,1.87
2.81,3.8,6.96,153.27,73.91,Apple,0.74,4.15,2.05
3.13,3.03,8.86,184.99,80.24,Apple,1.03,5.73,2.28
3.75,2.0,9.36,190.86,84.79,Orange,1.88,5.61,2.22
3.67,2.64,6.82,150.45,83.93,Apple,1.39,3.15,1.77
3.95,2.2,8.06,147.26,89.54,Orange,1.8,4.11,1.63
3.18,,6.94,158.79,90.44,Orange,,3.76,1.74
4.89,2.2,7.46,139.81,90.43,Orange,2.22,2.57,1.53
3.99,3.83,5.55,205.76,70.96,Apple,1.04,1.56,2.86
2.35,3.93,7.54,168.89,78.5,Apple,0.6,5.19,2.12
2.87,2.21,6.51,172.91,74.02,Orange,1.3,3.64,2.3
3.49,4.7,6.94,164.89,79.51,Apple,0.74,3.45,2.05
4.94,1.43,7.7,148.35,58.51,Orange,3.45,2.76,2.49
2.95,3.46,6.78,166.43,70.27,Apple,0.85,3.83,2.34
4.96,3.68,6.99,203.65,94.08,Orange,1.35,2.03,2.14
3.82,3.74,6.53,172.86,72.11,Orange,1.02,2.71,2.36
3.16,3.65,7.9,131.65,87.8,Orange,0.87,4.74,1.48
3.77,3.87,6.12,186.08,80.04,Apple,0.97,2.35,2.3
3.65,3.5,8.31,144.86,80.82,Orange,1.04,4.66,1.77
3.28,3.53,6.06,176.16,84.55,Apple,0.93,2.78,2.06
3.13,3.01,8.01,135.06,71.21,Apple,1.04,4.88,1.87
4.88,0.34,7.58,143.18,65.63,Orange,14.35,2.7,2.15
4.89,3.39,8.22,191.57,75.28,Orange,1.44,3.33,2.51
5.14,3.4,8.52,164.68,92.96,Orange,1.51,3.38,1.75
3.84,2.3,9.38,96.99,88.16,Orange,1.67,5.54,1.09
3.8,3.89,6.58,133.12,66.71,Apple,0.98,2.78,1.97
3.43,3.55,7.9,193.68,94.67,Apple,0.97,4.47,2.02
3.39,3.15,9.05,143.94,80.96,Orange,1.08,5.66,1.76
2.72,4.13,6.67,152.59,76.32,Apple,0.66,3.95,1.97
3.57,2.85,7.75,139.91,82.84,Apple,1.25,4.18,1.67
2.68,3.24,8.39,216.52,62.86,Apple,0.83,5.71,3.39
2.51,3.1,8.48,213.28,96.09,Apple,0.81,5.97,2.2
2.72,4.54,6.39,115.72,71.31,Apple,0.6,3.67,1.6
2.24,4.07,8.05,166.49,75.17,Apple,0.55,5.81,2.19
2.11,4.22,5.6,219.78,61.21,Apple,0.5,3.49,3.53
3.28,4.21,6.57,166.41,79.88,Apple,0.78,3.29,2.06
4.55,2.2,7.74,178.72,82.16,Orange,2.07,3.19,2.15
2.99,3.96,8.56,170.78,76.65,Apple,0.76,5.57,2.2
1.5,3.86,5.94,149.99,71.35,Apple,0.39,4.44,2.07
2.84,2.95,7.98,175.26,68.26,Orange,0.96,5.14,2.53
3.63,3.06,6.02,204.14,69.56,Apple,1.19,2.39,2.89
4.55,2.35,9.88,135.36,81.08,Orange,,5.33,1.65
4.89,3.27,7.45,177.57,80.24,Orange,1.5,2.56,2.19
4.03,4.13,5.53,200.07,70.05,Apple,0.98,1.5,2.82
1.92,3.33,7.45,141.42,81.67,Apple,0.58,5.53,1.71
3.31,3.91,7.96,155.74,81.0,Orange,0.85,4.65,1.9
5.7,3.26,7.77,128.65,85.5,Orange,1.75,2.07,1.49
3.21,1.8,5.28,191.37,68.68,Apple,1.78,2.07,2.75
4.64,2.2,7.1,151.77,88.9,Orange,2.11,2.46,1.69
2.52,3.99,6.97,207.94,76.28,Apple,0.63,4.45,2.69
2.74,2.5,7.15,180.35,84.78,Orange,1.1,4.41,2.1
1.31,2.82,,184.72,83.25,Apple,0.46,,2.19
3.45,2.91,10.44,170.76,73.79,Orange,1.19,6.99,2.28
4.51,2.23,9.31,152.21,95.26,Orange,2.02,4.8,1.58
3.18,2.34,4.74,175.28,96.86,Orange,1.36,1.56,1.79
2.79,2.53,8.89,173.21,86.7,Apple,1.1,6.1,1.98
3.71,4.43,5.84,201.74,74.36,Apple,0.84,2.13,2.68
2.06,4.46,7.57,139.67,68.37,Apple,0.46,5.51,2.01
0.92,3.24,7.33,140.84,93.27,Apple,0.28,6.41,1.49
3.12,3.04,6.34,182.88,61.52,Apple,1.03,3.22,2.93
3.34,3.16,6.25,151.2,85.34,Orange,1.06,2.91,1.75
4.4,2.67,7.16,162.11,71.12,Apple,1.65,2.76,2.25
3.44,3.46,6.28,133.84,96.06,Apple,0.99,2.84,1.38
3.59,3.16,7.29,124.39,73.91,Orange,1.14,3.7,1.66
4.09,2.16,7.25,142.89,92.36,Orange,1.89,3.16,1.53
1.71,3.65,9.34,174.65,78.2,Orange,0.47,7.63,2.21
2.9,2.5,9.25,158.92,82.56,Orange,1.16,6.35,1.9
3.22,3.19,6.73,174.48,78.86,Apple,1.01,3.51,2.18
3.63,3.17,7.48,207.06,84.05,Apple,1.15,3.85,2.43
4.02,3.05,10.13,155.79,74.45,Orange,1.32,6.11,2.06
4.59,4.22,5.62,118.76,74.7,Orange,1.09,1.03,1.57
2.62,3.76,4.89,136.46,73.95,Apple,0.7,2.27,1.82
4.06,2.26,7.54,187.5,87.2,Orange,1.8,3.48,2.13
1.86,3.86,6.46,147.49,81.04,Apple,0.48,4.6,1.8
2.59,2.51,6.58,197.59,78.94,Apple,1.03,3.99,2.47
2.86,3.52,6.0,176.5,75.88,Apple,0.81,3.14,2.3
2.35,3.87,8.62,177.82,87.69,Apple,0.61,6.27,2.0
2.85,4.0,5.83,150.37,52.21,Apple,0.71,2.98,2.83
2.29,2.62,9.35,170.92,80.11,Apple,0.87,7.06,2.11
4.67,1.26,8.55,156.59,83.91,Orange,3.71,3.88,1.84
2.83,3.0,6.76,187.35,85.31,Apple,0.94,3.93,2.17
3.04,3.51,7.12,152.93,75.42,Apple,0.87,4.08,2.0
4.4,3.46,6.32,,69.49,Orange,1.27,1.92,
2.44,2.75,7.52,147.26,73.82,Orange,0.89,5.08,1.97
4.35,2.32,6.67,161.68,94.79,Orange,1.88,2.32,1.69
4.09,2.78,6.16,134.64,99.62,Orange,1.47,2.07,1.34
3.98,2.6,7.09,172.11,76.95,Orange,1.53,3.11,2.21
2.86,3.91,5.01,144.88,89.34,Apple,0.73,2.15,1.6
2.77,4.08,7.17,183.53,58.61,Apple,0.68,4.4,3.08
2.52,3.59,8.82,166.08,70.6,Apple,0.7,6.3,2.32
2.23,3.36,6.85,157.26,87.89,Apple,0.66,4.62,1.77
3.56,2.82,6.6,150.27,84.97,Apple,1.26,3.04,1.75
5.1,3.46,8.31,142.36,84.09,Orange,1.47,3.21,1.67
3.28,3.97,7.4,171.54,72.51,Apple,0.83,4.12,2.33
3.42,4.64,5.62,129.99,68.63,Apple,0.74,2.2,1.87
2.7,4.52,9.05,215.29,71.32,Apple,0.6,6.35,2.98
3.68,2.77,5.85,137.13,88.74,Orange,1.33,2.17,1.53
2.8,4.34,7.05,158.76,70.95,Apple,0.65,4.25,2.21
4.07,2.1,5.97,146.15,82.07,Orange,1.94,1.9,1.76
2.59,2.88,7.65,195.14,70.19,Apple,0.9,5.06,2.74
1.96,4.23,8.52,171.48,82.41,Apple,0.46,6.56,2.06
2.82,3.63,6.25,129.86,71.74,Apple,0.78,3.43,1.79
4.04,1.18,8.09,178.91,88.27,Orange,3.42,4.05,2.0
3.53,3.67,5.04,166.99,62.95,Apple,0.96,1.51,2.61
3.87,3.89,9.08,163.5,85.92,Orange,0.99,5.21,1.88
3.67,4.73,7.06,210.02,76.05,Apple,0.78,3.39,2.73
3.09,4.47,4.77,152.82,65.19,Apple,0.69,1.68,2.31
4.7,4.25,,131.04,84.83,Orange,1.11,,1.53
3.16,1.75,5.55,159.79,71.89,Orange,1.81,2.39,2.19
4.96,2.43,8.39,126.14,72.22,Orange,2.04,3.43,1.72
5.21,2.5,7.87,130.32,64.17,Orange,2.08,2.66,2.0
3.59,3.93,8.83,177.56,91.45,Orange,0.91,5.24,1.92
3.88,2.67,8.26,194.04,91.62,Orange,1.45,4.38,2.1
4.46,1.96,9.61,160.63,91.48,Orange,2.28,5.15,1.74
2.85,2.24,6.32,176.27,86.87,Orange,1.27,3.47,2.01
3.87,2.23,9.13,146.74,64.67,Orange,1.74,5.26,2.23
2.25,1.95,7.03,122.8,74.59,Orange,1.15,4.78,1.62
4.98,2.45,8.73,165.49,85.32,Orange,2.03,3.75,1.92
3.01,3.88,6.76,183.24,85.41,Apple,0.78,3.75,2.12
5.36,1.45,8.02,153.72,82.22,Orange,3.7,2.66,1.85
3.57,3.59,5.39,146.56,87.66,Orange,0.99,1.82,1.65
2.76,3.56,8.73,187.71,53.55,Apple,0.78,5.97,3.44
3.62,1.86,8.68,130.3,84.96,Orange,1.95,5.06,1.52
4.08,3.71,6.65,199.98,86.73,Apple,1.1,2.57,2.28
3.29,4.02,7.7,161.08,71.52,Apple,0.82,4.41,2.22
2.38,1.23,9.01,154.1,80.13,Orange,1.93,6.63,1.9
3.76,3.11,6.18,139.1,87.65,Apple,1.21,2.42,1.57
4.1,2.83,6.45,137.01,77.35,Orange,1.45,2.35,1.75
2.75,3.55,7.95,136.56,80.88,Orange,0.77,5.2,1.67
3.06,4.37,6.93,153.07,67.89,Apple,0.7,3.87,2.22
3.1,3.37,5.93,158.87,71.07,Apple,,2.83,2.2
1.98,4.39,5.35,160.36,66.14,Apple,0.45,3.37,2.39
2.38,2.7,7.67,179.35,73.05,Orange,0.88,5.29,2.42
4.79,2.9,8.28,155.32,91.27,Orange,1.65,3.49,1.68
4.59,2.35,4.78,185.99,78.02,Orange,1.95,0.19,2.35
1.89,2.91,7.03,199.26,81.04,Apple,0.65,5.14,2.43
4.23,2.3,6.94,168.9,,Orange,1.84,2.71,
3.86,4.1,6.44,133.33,88.78,Apple,0.94,2.58,1.49
4.92,2.21,6.67,152.59,69.21,Orange,2.23,1.75,2.17
4.32,3.74,6.93,201.33,81.98,Apple,1.16,2.61,2.43
4.41,2.92,7.7,143.58,83.49,Orange,1.51,3.29,1.7
3.7,3.83,6.56,187.14,81.08,Apple,0.97,2.86,2.28
5.2,1.94,9.59,162.71,89.97,Orange,2.68,4.39,1.79
3.59,3.56,5.6,204.03,75.37,Apple,1.01,2.01,2.67
2.97,2.66,6.86,130.92,85.63,Orange,1.12,3.89,1.51
4.75,1.84,5.78,151.8,77.55,Orange,2.58,1.03,1.93
2.84,3.36,6.06,204.96,85.02,Apple,0.85,3.22,2.38
3.51,2.59,6.39,121.31,109.59,Orange,1.36,2.88,1.1
4.06,2.63,6.75,155.67,81.38,Orange,1.54,2.69,1.89
2.42,2.87,5.35,,62.5,Apple,0.84,2.93,
2.94,3.41,5.08,171.06,78.89,Apple,0.86,2.14,2.14
3.3,2.43,8.58,180.06,82.08,Orange,1.36,5.28,2.17
1.43,3.4,8.86,166.69,69.54,Apple,0.42,7.43,2.36
2.87,3.05,6.5,150.7,89.9,Apple,0.94,3.63,1.66
4.39,3.4,6.91,166.96,73.88,Apple,1.29,2.52,2.23
3.25,3.82,6.28,155.5,87.53,Orange,0.85,3.03,1.76
2.71,3.7,6.95,180.36,73.31,Apple,0.73,4.24,2.43
4.39,2.52,8.16,150.51,60.49,Orange,1.74,3.77,2.45
4.78,2.34,7.86,156.76,88.12,Orange,2.04,3.08,1.76
4.23,1.53,9.27,150.06,83.77,Orange,2.76,5.04,1.77
3.89,0.74,9.12,139.35,96.12,Orange,5.26,5.23,1.43
3.98,3.91,6.39,204.93,86.84,Apple,1.02,2.41,2.33
3.53,3.67,5.04,166.99,62.95,Apple,0.96,1.51,2.61
2.98,4.18,7.35,182.64,78.02,Apple,0.71,4.37,2.31
1.98,3.77,7.28,193.87,70.92,Orange,0.53,5.3,2.7
3.98,3.73,7.53,206.99,83.22,Apple,1.07,3.55,2.46
5.2,1.94,9.59,162.71,89.97,Orange,2.68,4.39,1.79
4.87,2.51,11.18,143.31,88.14,Orange,1.94,6.31,1.61
2.67,2.92,6.71,168.51,69.99,Apple,0.91,4.04,2.37
2.37,3.87,9.26,150.26,73.43,Apple,0.61,6.89,2.02
3.72,4.25,5.4,142.92,77.47,Apple,0.88,1.68,1.82
2.85,3.55,7.56,158.23,65.93,Apple,0.8,4.71,2.36
3.96,4.47,6.04,257.25,67.99,Apple,0.89,2.08,3.73
3.16,1.75,5.55,159.79,71.89,Orange,1.81,2.39,2.19
2.72,4.47,8.43,174.27,80.29,Apple,0.61,5.71,2.14
2.96,3.97,7.05,133.48,70.47,Apple,0.75,4.09,1.87
3.92,3.84,8.91,178.44,79.92,Apple,1.02,4.99,2.21
5.22,2.24,7.24,160.47,83.09,Orange,2.33,2.02,1.91
3.46,3.14,5.51,168.29,64.07,Apple,1.1,2.05,2.59
4.41,2.92,7.7,143.58,83.49,Orange,1.51,3.29,1.7
2.72,3.57,7.63,209.98,86.47,Apple,0.76,4.91,2.4
4.44,3.0,10.24,108.1,76.82,Orange,1.48,5.8,1.39
