Number_of_Customers_Per_Day,Average_Order_Value,Operating_Hours_Per_Day,Marketing_Spend_Per_Day,Location_Foot_Traffic,Revenue_Level
152.0,6.74,14.0,106.62,97.0,Medium
485.0,4.5,12.0,57.83,744.0,Medium
398.0,9.09,6.0,91.76,636.0,
320.0,8.48,17.0,,770.0,High
,7.44,,412.52,232.0,Medium
,8.88,6.0,183.49,484.0,Medium
238.0,9.0,11.0,331.35,156.0,Medium
70.0,7.81,10.0,273.27,237.0,Low
152.0,8.78,14.0,341.79,825.0,Medium
171.0,7.73,7.0,344.51,135.0,Medium
264.0,7.6,13.0,318.08,885.0,Medium
380.0,7.14,16.0,140.39,,High
137.0,8.15,,29.11,505.0,Medium
422.0,3.69,7.0,233.23,186.0,Medium
149.0,9.11,15.0,446.58,907.0,Medium
409.0,9.04,16.0,289.05,947.0,High
201.0,,16.0,417.87,,Low
180.0,8.69,17.0,495.9,656.0,
199.0,,,90.17,887.0,Low
358.0,5.01,15.0,348.97,806.0,Medium
307.0,8.08,13.0,340.4,518.0,Medium
393.0,3.71,9.0,490.18,651.0,Medium
,8.63,7.0,492.94,620.0,
343.0,8.74,17.0,,452.0,
435.0,6.31,16.0,129.37,589.0,High
241.0,2.55,10.0,401.29,121.0,Low
493.0,4.65,17.0,62.44,,Medium
326.0,,7.0,392.54,,Medium
210.0,9.86,7.0,456.0,673.0,Medium
363.0,7.24,11.0,197.59,861.0,High
71.0,4.45,16.0,319.01,534.0,Low
302.0,7.26,15.0,220.77,105.0,Medium
285.0,6.55,14.0,224.5,272.0,Medium
394.0,8.35,9.0,162.08,681.0,High
98.0,3.3,11.0,383.44,,Low
108.0,8.21,12.0,468.73,849.0,
219.0,6.56,16.0,470.97,483.0,Medium
237.0,9.72,,95.64,,Medium
320.0,5.06,13.0,438.62,499.0,
239.0,7.24,9.0,371.34,842.0,Medium
495.0,9.49,17.0,133.89,933.0,High
,3.27,6.0,42.97,541.0,Low
495.0,9.53,12.0,141.32,238.0,High
100.0,7.66,,456.98,627.0,Medium
413.0,3.01,11.0,320.26,859.0,Medium
104.0,4.76,7.0,,469.0,Low
293.0,7.81,,136.0,298.0,Medium
369.0,,6.0,,637.0,Medium
180.0,6.87,11.0,23.78,698.0,Medium
356.0,5.09,,193.91,213.0,Medium
184.0,7.16,10.0,317.11,794.0,Medium
70.0,2.84,10.0,81.59,304.0,Low
378.0,9.04,6.0,413.27,525.0,High
,9.8,15.0,,855.0,Medium
323.0,9.77,17.0,329.62,466.0,High
437.0,8.12,10.0,208.55,219.0,High
,3.48,7.0,302.06,366.0,Low
365.0,8.19,12.0,62.65,223.0,High
63.0,,8.0,18.29,519.0,
,2.67,9.0,455.69,394.0,Medium
314.0,4.93,8.0,142.12,494.0,Medium
395.0,6.16,8.0,411.64,67.0,High
102.0,8.28,9.0,,119.0,Medium
435.0,7.62,10.0,113.6,387.0,High
389.0,5.84,,139.93,677.0,High
141.0,4.55,9.0,334.8,641.0,Low
416.0,9.98,17.0,483.07,576.0,High
493.0,5.7,17.0,458.75,737.0,High
477.0,,16.0,256.41,505.0,
313.0,3.73,13.0,399.6,318.0,Medium
480.0,8.46,15.0,76.52,680.0,High
84.0,7.7,12.0,488.94,,Medium
255.0,4.16,14.0,482.53,237.0,
130.0,3.12,10.0,90.23,618.0,Low
469.0,7.6,15.0,156.72,760.0,High
99.0,7.41,,,578.0,Low
409.0,4.55,13.0,143.14,483.0,Medium
437.0,9.63,14.0,409.82,337.0,High
51.0,,12.0,195.37,967.0,Low
439.0,5.74,12.0,53.31,616.0,Medium
103.0,,10.0,177.69,548.0,
155.0,5.65,9.0,,490.0,Medium
309.0,7.29,15.0,,830.0,High
359.0,5.48,6.0,213.92,352.0,Medium
240.0,4.56,15.0,91.6,136.0,Low
451.0,9.88,15.0,493.23,879.0,High
267.0,5.57,,,487.0,Medium
93.0,,6.0,147.92,590.0,Low
211.0,4.22,6.0,44.33,71.0,Low
251.0,4.1,10.0,,882.0,Low
,2.73,14.0,68.99,846.0,Medium
319.0,7.39,11.0,294.58,609.0,Medium
400.0,5.26,8.0,465.09,566.0,
353.0,8.98,8.0,253.4,811.0,
320.0,6.05,12.0,423.04,724.0,
264.0,9.76,11.0,228.48,552.0,High
301.0,3.89,,,763.0,Medium
239.0,,11.0,368.62,,High
345.0,8.32,,95.24,150.0,High
,8.28,15.0,187.0,632.0,
257.0,8.84,12.0,322.28,991.0,High
286.0,8.21,6.0,44.64,724.0,Medium
387.0,,17.0,,734.0,High
,3.48,12.0,272.05,190.0,Medium
102.0,2.74,8.0,498.15,187.0,Low
329.0,9.41,14.0,242.52,627.0,
,7.12,11.0,409.87,759.0,High
266.0,8.47,,221.71,889.0,Medium
301.0,6.11,10.0,,,Medium
237.0,3.38,12.0,301.75,330.0,Low
429.0,3.44,9.0,444.43,733.0,Medium
,7.64,12.0,211.36,877.0,Medium
206.0,5.73,6.0,306.11,480.0,Medium
64.0,4.0,12.0,318.71,89.0,Low
350.0,6.19,13.0,214.52,,Medium
114.0,2.98,10.0,80.71,735.0,Low
394.0,6.86,7.0,55.84,712.0,High
376.0,4.52,10.0,18.17,260.0,Medium
58.0,8.48,11.0,438.03,,Low
393.0,4.83,17.0,125.87,135.0,Medium
178.0,5.91,7.0,113.64,446.0,Low
185.0,2.59,11.0,370.66,,Low
112.0,,11.0,,582.0,Low
188.0,,6.0,257.96,,Medium
130.0,6.1,6.0,89.63,940.0,Low
441.0,7.0,16.0,480.28,964.0,High
212.0,4.69,15.0,427.27,430.0,Medium
468.0,7.71,8.0,433.26,493.0,High
338.0,8.95,,209.32,82.0,High
428.0,8.35,15.0,383.56,309.0,High
310.0,2.8,,80.5,283.0,Low
,,8.0,14.22,564.0,Medium
90.0,3.29,9.0,19.79,908.0,
77.0,4.32,7.0,297.43,357.0,Low
,9.9,14.0,233.14,788.0,Medium
250.0,3.57,15.0,263.83,845.0,Medium
377.0,6.24,17.0,,119.0,Medium
317.0,7.14,16.0,217.12,503.0,Medium
467.0,7.77,12.0,361.85,488.0,High
,6.7,12.0,226.92,874.0,Low
97.0,2.57,11.0,368.79,413.0,Low
456.0,4.95,8.0,124.18,815.0,Medium
111.0,6.38,11.0,408.44,530.0,Low
265.0,3.16,17.0,298.33,193.0,Low
342.0,5.13,,113.27,,Medium
148.0,2.75,13.0,125.99,474.0,Low
,3.09,16.0,317.73,795.0,Low
409.0,5.48,14.0,416.67,894.0,High
263.0,3.5,6.0,213.66,224.0,Medium
84.0,6.76,6.0,136.57,893.0,Low
498.0,7.67,8.0,434.84,,High
,,8.0,,918.0,High
150.0,4.0,15.0,229.56,720.0,Low
480.0,3.76,13.0,249.07,909.0,Medium
180.0,3.28,,110.09,397.0,Low
306.0,7.27,6.0,317.13,847.0,High
54.0,7.8,7.0,185.78,67.0,Low
267.0,2.74,7.0,497.87,93.0,Medium
304.0,9.52,8.0,245.29,204.0,High
447.0,,11.0,248.08,916.0,Medium
408.0,,6.0,,971.0,High
332.0,7.82,,459.21,426.0,High
442.0,9.03,6.0,402.4,792.0,High
256.0,7.86,10.0,231.05,932.0,
,,12.0,362.16,877.0,Medium
395.0,5.05,13.0,297.26,451.0,Medium
,8.61,15.0,251.26,,Medium
429.0,3.1,6.0,104.23,266.0,Low
228.0,9.21,12.0,237.33,617.0,Medium
112.0,6.61,10.0,130.45,80.0,Low
,8.63,15.0,458.27,918.0,High
280.0,5.89,6.0,174.35,108.0,Medium
290.0,7.33,8.0,476.61,941.0,High
101.0,6.45,12.0,271.2,947.0,Low
,7.99,15.0,319.46,402.0,Medium
437.0,3.11,6.0,276.04,984.0,Medium
271.0,2.95,12.0,,494.0,Low
,4.35,10.0,194.15,284.0,Medium
280.0,,6.0,58.58,156.0,Medium
286.0,9.04,6.0,315.25,240.0,High
192.0,4.14,6.0,228.97,579.0,Low
220.0,9.82,16.0,391.21,962.0,Medium
,5.03,14.0,118.03,787.0,Low
85.0,3.87,16.0,90.64,728.0,Low
,8.42,8.0,209.1,632.0,Low
209.0,7.44,,464.03,923.0,Medium
376.0,6.24,,358.11,615.0,High
236.0,6.67,15.0,215.27,294.0,Medium
292.0,7.89,17.0,263.46,911.0,Medium
135.0,4.21,14.0,51.26,125.0,Low
333.0,9.97,11.0,492.44,,
115.0,9.81,17.0,336.54,316.0,
219.0,7.38,14.0,149.85,366.0,Medium
94.0,,13.0,297.05,861.0,
111.0,7.6,,63.65,170.0,
490.0,3.04,,483.26,885.0,Medium
183.0,2.73,14.0,95.64,74.0,Low
,4.43,11.0,327.53,481.0,Medium
77.0,5.97,14.0,130.27,209.0,Medium
157.0,9.01,8.0,361.61,645.0,Medium
93.0,,17.0,390.64,,Medium
389.0,8.07,8.0,339.98,784.0,High
335.0,5.69,11.0,311.1,,Medium
495.0,5.09,14.0,447.31,551.0,High
,5.28,,48.53,215.0,Medium
177.0,9.91,8.0,172.15,,Medium
397.0,2.8,8.0,131.66,224.0,Low
280.0,9.0,7.0,494.13,,High
239.0,6.84,14.0,200.8,948.0,Medium
,5.79,8.0,368.98,790.0,Medium
434.0,7.94,16.0,345.52,135.0,High
426.0,6.15,10.0,113.92,623.0,High
332.0,9.05,14.0,127.11,369.0,High
,9.26,,147.83,450.0,High
170.0,5.66,7.0,211.45,431.0,Low
165.0,4.58,8.0,124.82,767.0,Low
282.0,6.94,7.0,19.63,666.0,Medium
308.0,9.34,13.0,,367.0,High
408.0,4.08,11.0,483.15,852.0,Medium
247.0,7.17,11.0,177.37,299.0,Medium
460.0,7.24,17.0,175.87,574.0,High
186.0,8.0,14.0,13.47,,Medium
367.0,3.49,13.0,343.32,,Medium
,7.87,,414.47,947.0,Medium
274.0,9.32,17.0,81.84,672.0,
356.0,3.85,9.0,88.24,766.0,Medium
283.0,4.28,14.0,397.14,945.0,Medium
221.0,,6.0,311.98,305.0,High
201.0,3.86,7.0,31.98,356.0,Low
364.0,8.91,7.0,315.05,999.0,High
423.0,,,,193.0,High
209.0,4.35,9.0,190.68,707.0,Low
145.0,9.03,16.0,,440.0,Medium
282.0,5.84,15.0,407.36,862.0,Medium
229.0,6.36,,206.17,725.0,Medium
162.0,5.19,8.0,474.1,218.0,
367.0,,8.0,209.17,347.0,
491.0,3.73,11.0,388.2,282.0,Medium
101.0,5.43,13.0,247.1,952.0,Low
317.0,9.77,16.0,449.79,320.0,High
344.0,4.44,12.0,454.8,109.0,Medium
435.0,7.43,9.0,52.83,,High
436.0,4.94,16.0,468.88,516.0,High
162.0,8.3,17.0,414.51,284.0,Medium
150.0,3.48,9.0,397.74,726.0,
162.0,,16.0,108.45,,Medium
489.0,5.9,15.0,404.51,283.0,High
130.0,4.27,16.0,426.57,417.0,
,3.05,16.0,151.68,744.0,Low
162.0,3.77,16.0,476.61,894.0,Low
51.0,6.4,7.0,34.43,281.0,Low
179.0,5.03,6.0,83.46,,Low
269.0,8.72,14.0,,540.0,High
103.0,5.73,17.0,292.14,668.0,Low
392.0,4.37,17.0,326.12,552.0,Medium
273.0,7.13,,18.31,939.0,Medium
274.0,7.8,13.0,480.58,784.0,High
434.0,3.75,14.0,31.85,,
452.0,3.76,9.0,80.1,,Medium
175.0,2.78,13.0,16.87,430.0,Low
179.0,8.02,14.0,,745.0,Medium
102.0,7.48,15.0,466.81,477.0,Medium
221.0,6.06,15.0,336.31,746.0,Medium
267.0,,10.0,413.1,695.0,High
209.0,8.54,12.0,16.51,,Medium
,6.89,15.0,275.59,849.0,Medium
465.0,9.01,9.0,235.19,413.0,High
296.0,4.04,6.0,254.49,251.0,Low
373.0,3.34,8.0,45.38,931.0,Medium
488.0,4.52,10.0,345.37,195.0,High
252.0,2.93,8.0,256.58,885.0,Medium
,6.48,17.0,384.92,688.0,Medium
172.0,9.52,16.0,247.79,506.0,Medium
450.0,2.8,12.0,83.2,184.0,Medium
,,17.0,327.65,675.0,Medium
,5.89,14.0,,313.0,Medium
329.0,9.5,17.0,437.47,113.0,High
374.0,,11.0,310.43,540.0,Medium
421.0,6.3,15.0,87.03,696.0,
147.0,2.81,6.0,481.55,90.0,Low
247.0,3.61,12.0,264.0,345.0,Medium
444.0,9.9,8.0,45.72,,High
,9.74,10.0,317.15,962.0,High
193.0,2.54,15.0,134.07,755.0,Low
146.0,9.64,9.0,403.81,159.0,Medium
250.0,7.29,15.0,410.73,270.0,Medium
,,10.0,489.68,419.0,Medium
,5.91,,255.92,417.0,Medium
375.0,6.37,11.0,232.93,485.0,
398.0,6.17,15.0,379.2,967.0,High
308.0,7.5,17.0,74.91,53.0,Medium
197.0,3.55,15.0,277.99,293.0,Medium
301.0,2.72,,277.66,951.0,Low
492.0,4.81,11.0,53.84,215.0,Medium
,7.79,13.0,214.81,75.0,High
452.0,,13.0,428.11,444.0,Medium
395.0,,16.0,429.52,,
196.0,9.77,14.0,58.63,66.0,Medium
197.0,3.2,13.0,,777.0,Low
401.0,7.54,16.0,138.72,141.0,High
248.0,5.83,7.0,438.64,532.0,Medium
357.0,9.01,17.0,73.16,592.0,High
466.0,3.83,15.0,362.8,,Medium
473.0,7.69,17.0,59.57,551.0,High
177.0,8.79,16.0,315.34,980.0,Medium
88.0,9.58,6.0,184.47,449.0,Low
387.0,7.62,15.0,396.57,256.0,High
409.0,6.23,7.0,,668.0,High
178.0,7.13,7.0,323.21,195.0,Medium
316.0,,17.0,125.48,928.0,High
490.0,6.78,8.0,359.69,150.0,High
483.0,2.73,15.0,438.1,929.0,Medium
200.0,9.48,12.0,72.13,879.0,Medium
464.0,7.67,7.0,434.63,929.0,High
347.0,7.57,6.0,300.85,290.0,High
148.0,4.12,11.0,72.28,,Low
312.0,7.44,,219.5,808.0,High
301.0,5.45,8.0,88.82,212.0,Medium
193.0,7.38,11.0,353.17,933.0,Medium
395.0,3.3,8.0,381.85,222.0,Medium
161.0,7.43,6.0,61.84,551.0,Medium
109.0,,17.0,258.01,596.0,Medium
,2.86,10.0,409.17,333.0,Medium
51.0,9.83,15.0,,408.0,Low
434.0,5.55,16.0,261.62,430.0,High
,9.03,9.0,475.64,,
,8.37,12.0,272.49,954.0,Medium
189.0,6.75,11.0,203.15,960.0,Medium
86.0,8.04,15.0,,582.0,
209.0,9.09,12.0,251.56,869.0,Medium
58.0,5.53,10.0,241.23,,Low
282.0,4.95,9.0,250.25,658.0,Medium
148.0,7.51,12.0,424.92,356.0,Medium
196.0,8.56,12.0,417.65,388.0,Medium
353.0,8.22,11.0,207.72,104.0,High
257.0,8.48,13.0,173.32,382.0,High
180.0,5.77,9.0,251.04,176.0,Medium
453.0,8.63,15.0,290.66,989.0,High
201.0,3.4,10.0,126.79,754.0,Low
103.0,6.58,9.0,399.04,292.0,Low
169.0,2.54,17.0,248.38,910.0,
210.0,4.93,6.0,173.68,649.0,Medium
457.0,5.25,17.0,62.34,897.0,Medium
165.0,5.47,13.0,127.03,458.0,
124.0,7.72,6.0,,552.0,Medium
162.0,5.41,10.0,159.5,,Medium
469.0,5.87,,92.74,653.0,High
471.0,4.28,11.0,235.73,352.0,Medium
153.0,5.3,10.0,160.47,513.0,Low
389.0,,8.0,27.23,284.0,Medium
303.0,3.05,10.0,168.34,745.0,Low
276.0,7.03,17.0,276.61,87.0,Medium
161.0,7.51,13.0,280.34,,Medium
148.0,7.15,7.0,184.71,244.0,Low
202.0,5.98,11.0,229.18,576.0,
398.0,5.35,14.0,483.1,818.0,High
451.0,8.98,13.0,194.9,696.0,High
,6.39,16.0,136.53,50.0,High
415.0,6.09,13.0,129.3,610.0,
,2.69,13.0,234.3,145.0,Medium
243.0,5.06,12.0,382.16,762.0,Medium
359.0,5.35,13.0,110.93,462.0,Medium
212.0,5.49,11.0,357.56,587.0,Medium
257.0,,7.0,20.36,904.0,Medium
494.0,6.5,7.0,215.28,478.0,High
218.0,7.06,13.0,390.17,284.0,Medium
,8.24,,175.98,398.0,Medium
117.0,8.6,6.0,286.23,805.0,Medium
338.0,7.89,11.0,110.44,919.0,High
447.0,9.67,11.0,373.58,530.0,High
326.0,2.64,,35.62,888.0,Low
353.0,,9.0,427.75,,Medium
453.0,2.56,17.0,107.12,400.0,Low
,,16.0,438.46,465.0,High
441.0,9.24,16.0,182.74,935.0,High
184.0,4.33,15.0,364.11,965.0,Low
244.0,9.45,8.0,166.42,936.0,Medium
,2.95,16.0,453.9,100.0,Medium
177.0,9.51,8.0,,130.0,Medium
,5.14,6.0,97.47,85.0,
225.0,3.26,8.0,251.58,116.0,Low
,6.14,9.0,50.15,690.0,
420.0,4.43,16.0,106.03,931.0,Medium
,4.64,16.0,472.45,716.0,Medium
71.0,4.8,10.0,488.48,806.0,
,8.52,8.0,194.37,672.0,Medium
207.0,6.54,11.0,,729.0,Medium
87.0,4.83,16.0,276.96,530.0,Low
279.0,7.08,17.0,142.17,517.0,Medium
414.0,7.87,10.0,354.18,191.0,High
100.0,4.54,8.0,332.86,,Low
487.0,5.6,11.0,494.67,758.0,
313.0,3.41,11.0,139.87,520.0,Medium
332.0,3.86,13.0,339.31,670.0,Medium
76.0,7.61,,35.49,937.0,Low
275.0,3.86,,65.69,640.0,Medium
326.0,6.44,9.0,11.92,951.0,Medium
335.0,7.82,,499.74,722.0,
146.0,3.3,16.0,403.11,488.0,Medium
333.0,6.75,15.0,,580.0,Medium
416.0,4.42,8.0,259.77,176.0,Medium
497.0,9.72,8.0,157.03,254.0,
366.0,6.13,10.0,84.12,78.0,Medium
353.0,8.54,10.0,149.49,494.0,High
196.0,6.63,15.0,194.23,768.0,Medium
53.0,2.83,8.0,380.59,513.0,Low
84.0,,14.0,274.43,329.0,Low
241.0,9.64,9.0,47.97,200.0,Medium
98.0,7.01,8.0,18.83,289.0,Low
66.0,8.64,16.0,60.14,315.0,Low
221.0,9.13,7.0,211.14,743.0,Medium
,4.21,15.0,467.26,154.0,Medium
207.0,4.09,16.0,322.33,986.0,Low
95.0,7.08,14.0,402.89,482.0,Low
422.0,5.58,9.0,238.52,962.0,High
55.0,8.8,8.0,187.22,546.0,Low
148.0,9.25,12.0,63.12,489.0,Medium
429.0,5.15,13.0,,797.0,High
,4.28,16.0,393.75,734.0,Medium
,8.35,,92.38,207.0,Low
329.0,4.56,12.0,261.01,221.0,Medium
398.0,8.67,17.0,,543.0,High
351.0,,10.0,316.29,360.0,Medium
230.0,7.51,16.0,473.63,452.0,Medium
144.0,3.22,10.0,294.09,718.0,Low
148.0,7.18,8.0,274.71,,Medium
237.0,5.89,10.0,34.66,725.0,Medium
165.0,6.9,17.0,40.82,708.0,Low
240.0,3.76,7.0,101.8,952.0,Low
302.0,8.03,9.0,,,Medium
465.0,8.97,11.0,374.24,512.0,High
210.0,4.13,6.0,,416.0,Medium
305.0,3.22,15.0,76.67,599.0,Low
372.0,2.68,,419.68,692.0,Medium
177.0,7.31,11.0,85.85,919.0,
67.0,7.05,14.0,157.58,304.0,Low
330.0,6.6,,132.0,,Medium
272.0,4.24,16.0,192.43,499.0,Medium
103.0,5.43,7.0,134.79,144.0,Low
107.0,6.96,16.0,249.59,909.0,Low
372.0,,12.0,,888.0,Medium
,9.91,11.0,,527.0,High
223.0,3.52,7.0,37.4,732.0,Low
329.0,7.71,13.0,79.67,811.0,Medium
163.0,5.53,12.0,35.88,239.0,Low
337.0,,16.0,316.66,760.0,Medium
480.0,7.88,10.0,36.71,533.0,High
391.0,7.69,17.0,419.86,,High
200.0,9.93,10.0,260.85,585.0,Medium
499.0,3.46,12.0,268.23,805.0,Medium
176.0,3.28,14.0,285.18,472.0,Low
204.0,7.93,16.0,93.7,885.0,Medium
435.0,6.84,14.0,106.87,689.0,High
322.0,4.56,,166.22,654.0,Medium
153.0,3.1,11.0,300.81,861.0,Medium
466.0,3.14,15.0,112.96,,Medium
442.0,,11.0,67.0,104.0,High
348.0,3.94,8.0,485.36,559.0,Medium
295.0,4.93,6.0,20.77,719.0,Medium
225.0,4.2,12.0,403.32,590.0,Medium
88.0,5.16,9.0,396.14,459.0,Medium
219.0,3.02,6.0,155.63,,Low
296.0,6.39,13.0,76.46,715.0,
75.0,3.01,17.0,81.36,342.0,Low
404.0,8.5,11.0,351.74,783.0,High
355.0,4.25,,324.98,164.0,
458.0,6.55,7.0,393.55,998.0,High
457.0,9.1,6.0,469.37,719.0,High
62.0,7.38,7.0,349.04,308.0,Low
365.0,6.5,9.0,86.37,812.0,High
440.0,4.93,7.0,129.29,171.0,High
362.0,5.0,,,348.0,
85.0,7.52,12.0,112.56,824.0,
,9.96,16.0,45.54,430.0,Medium
69.0,7.46,16.0,354.61,610.0,Low
370.0,6.68,17.0,207.24,,High
313.0,7.98,13.0,460.82,890.0,High
449.0,5.99,11.0,,550.0,High
191.0,2.95,9.0,,346.0,Low
420.0,,11.0,474.45,411.0,High
,9.68,8.0,,638.0,Medium
141.0,3.81,17.0,175.23,512.0,Low
403.0,7.68,13.0,207.11,487.0,High
,4.01,15.0,35.1,176.0,Medium
337.0,6.52,7.0,253.29,246.0,Medium
264.0,3.23,10.0,70.43,,Medium
496.0,5.88,6.0,206.48,140.0,High
391.0,8.17,11.0,181.85,460.0,High
100.0,5.11,,388.69,57.0,Low
202.0,7.49,9.0,403.55,593.0,Medium
235.0,8.47,11.0,85.17,517.0,Medium
112.0,9.45,15.0,189.61,369.0,Low
239.0,4.26,16.0,192.94,443.0,Medium
174.0,5.49,13.0,84.19,318.0,Low
199.0,,17.0,,240.0,Medium
363.0,9.94,13.0,356.54,910.0,High
107.0,9.45,16.0,103.29,724.0,Medium
391.0,6.55,11.0,189.69,110.0,Medium
354.0,8.82,9.0,61.84,487.0,High
229.0,6.41,13.0,317.82,313.0,Medium
219.0,7.18,13.0,69.47,846.0,Medium
375.0,3.17,,493.11,144.0,Medium
,8.16,6.0,392.53,602.0,High
103.0,3.46,9.0,,975.0,Low
493.0,8.7,9.0,293.5,519.0,High
150.0,8.37,12.0,456.56,710.0,
313.0,7.82,16.0,281.51,765.0,High
102.0,2.77,12.0,95.5,828.0,Low
109.0,,16.0,195.56,563.0,Low
157.0,4.47,13.0,423.14,739.0,Low
54.0,5.2,16.0,325.66,986.0,
152.0,3.16,10.0,328.85,243.0,Low
245.0,9.53,12.0,434.74,,High
311.0,6.65,13.0,448.05,948.0,Medium
414.0,4.79,14.0,460.7,385.0,Medium
421.0,5.48,8.0,56.48,484.0,Medium
,5.85,8.0,276.62,245.0,Medium
96.0,,9.0,372.85,904.0,Medium
404.0,6.37,10.0,380.89,298.0,High
360.0,9.4,15.0,307.29,547.0,High
473.0,6.23,6.0,91.73,261.0,High
357.0,9.94,12.0,400.74,714.0,High
193.0,8.89,14.0,362.85,719.0,Medium
318.0,4.06,13.0,52.21,515.0,Low
419.0,9.48,10.0,237.27,923.0,High
173.0,3.37,9.0,95.25,700.0,Low
155.0,,17.0,175.36,270.0,Medium
207.0,5.35,,18.86,,
196.0,9.08,10.0,,203.0,Medium
194.0,9.01,12.0,279.44,298.0,Medium
169.0,8.54,17.0,313.6,328.0,Medium
368.0,8.43,6.0,335.11,489.0,High
324.0,4.79,,419.78,,Medium
141.0,3.11,15.0,,865.0,Low
107.0,5.52,,,325.0,Low
488.0,3.8,16.0,427.25,563.0,Medium
395.0,7.71,7.0,86.74,137.0,High
278.0,5.1,7.0,487.63,,Medium
166.0,9.82,,422.84,972.0,Medium
367.0,7.31,17.0,255.43,691.0,High
328.0,8.67,15.0,490.9,554.0,High
176.0,3.49,7.0,,639.0,
442.0,8.97,16.0,158.5,821.0,High
445.0,,9.0,322.73,290.0,High
178.0,6.15,7.0,181.5,702.0,Medium
,7.05,11.0,464.9,789.0,Medium
171.0,8.24,13.0,42.16,724.0,Medium
,3.81,15.0,279.21,285.0,Low
288.0,,,299.52,177.0,Medium
339.0,5.49,10.0,329.84,552.0,Medium
145.0,3.6,9.0,135.28,249.0,Low
175.0,5.26,8.0,188.64,951.0,
167.0,3.01,10.0,423.4,,Low
97.0,2.69,14.0,105.52,551.0,Low
138.0,3.51,,415.17,699.0,Low
,9.72,13.0,285.7,541.0,High
422.0,6.62,13.0,383.47,70.0,High
434.0,9.74,17.0,359.67,283.0,High
321.0,5.74,13.0,111.68,,Medium
238.0,4.84,12.0,288.72,840.0,Medium
241.0,6.3,13.0,435.18,692.0,Medium
496.0,5.8,16.0,221.74,465.0,High
,3.29,13.0,483.63,197.0,Low
327.0,,13.0,231.59,78.0,High
398.0,4.12,17.0,79.96,410.0,Medium
296.0,7.15,,200.82,357.0,Medium
125.0,,,476.33,932.0,
203.0,3.64,17.0,166.66,991.0,Low
193.0,2.96,6.0,435.37,211.0,Low
484.0,8.36,9.0,441.81,918.0,High
135.0,5.95,9.0,181.59,901.0,Low
234.0,2.94,10.0,50.8,110.0,Low
334.0,9.96,15.0,365.03,174.0,High
269.0,2.93,11.0,162.64,505.0,Low
118.0,7.71,9.0,,120.0,Medium
96.0,9.88,7.0,226.9,887.0,Low
143.0,4.29,11.0,247.78,956.0,Low
287.0,3.57,13.0,391.18,925.0,Medium
495.0,3.41,13.0,197.36,,Medium
253.0,4.77,,227.13,292.0,Medium
449.0,3.26,,194.33,539.0,Medium
267.0,7.69,7.0,190.0,810.0,Medium
481.0,2.97,,267.71,270.0,Medium
390.0,6.32,16.0,406.31,,High
88.0,9.98,17.0,187.27,582.0,Low
149.0,8.6,10.0,266.88,543.0,Medium
338.0,7.11,11.0,338.66,948.0,High
303.0,4.8,15.0,142.03,131.0,Medium
271.0,7.18,13.0,145.99,905.0,Medium
406.0,6.45,13.0,467.37,928.0,High
72.0,5.7,8.0,364.53,571.0,Low
299.0,3.48,17.0,292.82,,Medium
59.0,9.15,17.0,327.38,61.0,Low
295.0,5.87,,,312.0,Medium
374.0,3.96,6.0,312.87,706.0,Medium
149.0,5.26,6.0,259.66,,Low
339.0,5.61,12.0,277.42,241.0,Medium
229.0,,15.0,186.12,811.0,Medium
272.0,8.0,14.0,49.92,163.0,Medium
,8.27,,104.74,75.0,High
299.0,2.58,15.0,,832.0,Low
196.0,5.62,10.0,210.26,548.0,Medium
491.0,6.11,13.0,238.67,557.0,High
145.0,2.64,7.0,35.83,594.0,Low
306.0,4.45,14.0,28.41,111.0,Low
374.0,8.2,11.0,361.42,,High
53.0,3.53,14.0,273.67,864.0,Low
65.0,6.51,,259.27,656.0,Low
329.0,4.11,8.0,129.13,84.0,Medium
385.0,2.59,17.0,374.93,754.0,Medium
296.0,4.31,13.0,92.44,505.0,Medium
307.0,9.82,6.0,103.07,637.0,High
433.0,8.51,,235.75,940.0,High
209.0,9.7,12.0,150.28,551.0,Medium
389.0,6.16,12.0,131.26,810.0,Medium
201.0,3.32,6.0,326.17,644.0,Low
445.0,6.61,14.0,328.98,74.0,High
227.0,,13.0,414.01,618.0,Medium
,8.83,9.0,214.68,81.0,Medium
429.0,3.24,15.0,45.81,,Medium
82.0,6.16,16.0,,61.0,Low
,3.63,10.0,,368.0,Medium
494.0,4.94,,,894.0,High
228.0,8.03,14.0,357.77,653.0,Medium
476.0,6.07,17.0,13.61,50.0,High
150.0,5.32,17.0,263.92,484.0,Low
317.0,5.46,11.0,,887.0,
372.0,5.95,8.0,288.92,,Medium
114.0,8.39,17.0,461.18,,Medium
466.0,9.19,12.0,,182.0,High
217.0,9.67,14.0,274.87,135.0,Medium
,8.4,8.0,234.52,525.0,High
92.0,4.87,,473.06,856.0,Medium
93.0,7.66,12.0,340.07,840.0,Low
334.0,5.78,12.0,41.8,373.0,Medium
446.0,4.41,9.0,238.21,229.0,Medium
61.0,8.81,16.0,127.72,565.0,Low
144.0,2.79,14.0,240.2,687.0,Low
351.0,9.26,13.0,233.18,224.0,High
435.0,5.96,6.0,295.25,812.0,High
302.0,7.28,6.0,184.82,70.0,Medium
291.0,7.45,10.0,90.49,154.0,Medium
84.0,,11.0,,627.0,Low
264.0,7.28,8.0,416.8,492.0,Medium
386.0,7.1,14.0,335.37,824.0,High
139.0,3.0,17.0,,,Low
,6.39,15.0,,,Medium
142.0,3.63,,,,Low
459.0,8.03,9.0,112.58,389.0,High
139.0,6.34,17.0,29.31,811.0,Low
467.0,7.6,,373.24,904.0,High
164.0,2.81,,415.53,403.0,Low
,3.14,14.0,484.25,124.0,Medium
440.0,7.87,16.0,446.02,851.0,High
245.0,3.04,11.0,304.26,978.0,Medium
363.0,3.03,11.0,269.73,843.0,Low
163.0,2.59,13.0,23.64,627.0,Low
124.0,9.67,17.0,130.86,686.0,Medium
462.0,8.03,10.0,235.21,,High
425.0,5.15,8.0,317.97,136.0,High
469.0,4.72,17.0,283.05,602.0,Medium
266.0,5.12,8.0,373.89,747.0,Medium
326.0,,11.0,147.09,915.0,High
298.0,7.46,7.0,286.83,941.0,Medium
213.0,3.89,11.0,53.19,896.0,Low
443.0,3.81,11.0,212.7,827.0,Medium
406.0,3.24,13.0,377.58,,
457.0,7.45,12.0,349.77,91.0,High
241.0,8.23,,495.41,,Medium
276.0,4.49,14.0,146.17,746.0,Medium
226.0,2.66,11.0,254.11,776.0,Medium
148.0,,8.0,171.47,556.0,Low
85.0,9.76,15.0,225.9,578.0,Medium
145.0,,8.0,429.91,314.0,Medium
201.0,8.27,16.0,345.26,675.0,Medium
200.0,7.18,17.0,442.4,341.0,Medium
239.0,5.36,6.0,109.72,513.0,Medium
273.0,4.04,16.0,,853.0,
86.0,3.41,10.0,39.28,609.0,Low
317.0,7.11,9.0,445.41,868.0,High
418.0,8.31,14.0,171.25,,High
232.0,7.33,14.0,164.15,936.0,Medium
62.0,6.48,10.0,260.92,144.0,Low
328.0,2.81,15.0,470.94,375.0,Medium
266.0,9.76,9.0,33.41,,Medium
404.0,8.49,12.0,182.59,385.0,High
410.0,4.7,11.0,429.72,117.0,
,9.85,,,807.0,High
322.0,7.01,15.0,107.59,967.0,Medium
418.0,,7.0,218.15,126.0,High
111.0,8.11,6.0,198.92,257.0,Medium
133.0,8.59,9.0,458.55,933.0,Medium
417.0,7.42,9.0,383.35,815.0,High
266.0,3.46,6.0,257.51,270.0,Medium
391.0,5.04,,494.3,311.0,
446.0,9.46,9.0,237.99,459.0,High
236.0,4.18,6.0,38.54,,Low
68.0,5.29,6.0,138.51,393.0,Low
226.0,5.74,6.0,223.67,820.0,Medium
149.0,5.8,13.0,86.88,869.0,Medium
445.0,7.1,15.0,474.31,123.0,High
494.0,9.57,13.0,385.76,686.0,High
282.0,4.31,7.0,141.46,749.0,Low
452.0,3.41,,299.49,303.0,Medium
125.0,3.98,12.0,363.51,882.0,Low
314.0,9.15,13.0,471.23,869.0,High
333.0,7.34,13.0,442.0,,High
,4.64,,262.44,811.0,Medium
272.0,8.62,15.0,389.58,381.0,High
433.0,8.96,16.0,285.45,447.0,High
101.0,8.85,12.0,280.82,394.0,Medium
388.0,9.39,10.0,66.22,633.0,High
416.0,4.39,6.0,71.81,,Medium
193.0,8.16,17.0,269.47,885.0,Medium
422.0,5.95,14.0,141.74,,Medium
118.0,8.81,12.0,20.31,,Low
148.0,7.96,7.0,364.19,955.0,Medium
445.0,8.32,11.0,25.92,164.0,High
74.0,7.42,7.0,301.69,362.0,Low
485.0,3.83,,274.2,,Medium
428.0,,12.0,,883.0,High
102.0,9.89,7.0,,907.0,Medium
200.0,9.53,7.0,41.16,294.0,Medium
193.0,2.82,16.0,280.33,867.0,Low
106.0,3.74,10.0,422.14,575.0,Low
88.0,3.49,10.0,498.46,,Medium
158.0,,12.0,,,Medium
230.0,,6.0,166.95,476.0,Medium
91.0,4.1,13.0,454.26,91.0,Low
235.0,6.29,8.0,103.71,514.0,Medium
472.0,8.81,9.0,311.56,671.0,High
,8.0,14.0,208.8,327.0,High
272.0,6.57,,30.13,,Medium
171.0,6.93,15.0,180.17,68.0,Medium
182.0,,17.0,139.96,115.0,Low
212.0,4.73,10.0,346.18,216.0,Medium
264.0,6.74,12.0,474.91,634.0,Medium
270.0,7.67,9.0,141.34,452.0,
284.0,9.05,6.0,407.62,961.0,High
380.0,7.27,14.0,37.13,871.0,High
195.0,8.21,9.0,273.68,458.0,Medium
,3.7,14.0,44.57,161.0,Low
125.0,5.96,11.0,467.68,323.0,Medium
58.0,2.57,6.0,385.51,456.0,Low
123.0,4.35,17.0,332.4,,Low
491.0,7.95,8.0,413.71,646.0,High
450.0,9.94,16.0,327.28,700.0,High
302.0,3.24,7.0,484.78,88.0,Medium
279.0,5.51,14.0,359.84,154.0,Medium
56.0,8.5,17.0,,,Medium
223.0,,6.0,263.39,842.0,Low
190.0,6.66,14.0,67.36,463.0,Medium
217.0,8.0,14.0,268.81,478.0,
219.0,,13.0,72.17,684.0,
442.0,,13.0,300.32,779.0,Medium
483.0,,16.0,246.42,938.0,
332.0,8.38,17.0,315.06,110.0,
171.0,6.66,6.0,14.92,,Low
243.0,2.54,16.0,105.47,356.0,Low
54.0,8.21,13.0,250.75,403.0,Low
78.0,2.76,15.0,,442.0,Low
214.0,8.09,,197.97,253.0,Medium
471.0,4.02,16.0,217.94,307.0,Medium
388.0,9.69,12.0,360.2,535.0,High
185.0,5.26,16.0,305.86,566.0,Medium
414.0,,6.0,156.47,495.0,Medium
370.0,3.62,6.0,211.3,758.0,Medium
391.0,4.79,15.0,116.67,229.0,Medium
194.0,,,483.35,,Medium
376.0,9.97,10.0,74.01,182.0,High
266.0,5.26,13.0,192.2,492.0,
350.0,5.86,12.0,22.66,885.0,
181.0,7.92,13.0,118.67,302.0,Medium
341.0,9.15,11.0,392.43,314.0,High
119.0,6.95,11.0,108.58,142.0,Low
,5.44,7.0,49.23,711.0,Medium
464.0,5.59,11.0,242.48,,High
324.0,7.72,10.0,14.88,187.0,Medium
494.0,2.52,8.0,51.54,257.0,Low
413.0,7.15,11.0,405.74,686.0,High
231.0,5.17,13.0,388.02,795.0,Medium
216.0,8.46,14.0,458.42,,High
,3.2,6.0,428.71,356.0,Low
251.0,6.91,,,315.0,Medium
395.0,6.11,8.0,35.64,695.0,Medium
68.0,7.32,16.0,393.6,,Low
88.0,2.99,13.0,424.3,162.0,Low
175.0,6.85,6.0,401.55,950.0,Medium
222.0,6.71,,259.15,427.0,Medium
190.0,6.7,8.0,124.12,503.0,Medium
291.0,7.03,,424.21,240.0,Medium
269.0,7.57,13.0,366.31,940.0,
175.0,8.54,8.0,490.57,489.0,Medium
107.0,4.52,12.0,86.29,236.0,Low
197.0,8.69,,,,Medium
366.0,6.24,16.0,,416.0,Medium
432.0,3.08,6.0,398.34,138.0,Medium
410.0,2.94,11.0,101.58,236.0,Medium
472.0,5.01,8.0,42.66,868.0,Medium
50.0,8.39,13.0,499.29,995.0,Low
436.0,,11.0,22.16,181.0,High
397.0,8.41,17.0,419.27,921.0,High
,6.38,7.0,189.03,684.0,Medium
,5.8,11.0,422.39,609.0,Medium
418.0,3.61,12.0,281.76,849.0,Medium
458.0,4.96,10.0,451.8,425.0,High
361.0,5.76,8.0,463.83,740.0,Medium
466.0,3.16,,14.46,741.0,Medium
471.0,,9.0,46.95,148.0,Medium
166.0,6.99,11.0,132.68,891.0,Low
183.0,8.02,15.0,,83.0,Medium
,9.99,6.0,445.25,981.0,Medium
,9.5,16.0,235.37,631.0,Low
222.0,7.32,9.0,307.42,220.0,Medium
209.0,,15.0,102.36,415.0,Medium
222.0,7.27,,404.43,833.0,Medium
366.0,8.39,15.0,483.99,108.0,High
352.0,3.39,6.0,141.61,230.0,Medium
198.0,5.57,14.0,252.46,68.0,Medium
129.0,8.8,9.0,52.2,275.0,Medium
423.0,5.38,12.0,283.98,522.0,Medium
,6.79,17.0,256.36,144.0,Medium
252.0,6.91,8.0,,930.0,Medium
301.0,3.88,15.0,226.61,346.0,Medium
278.0,5.22,,173.71,642.0,
213.0,5.01,8.0,265.7,224.0,
,2.7,13.0,,271.0,Low
196.0,2.68,13.0,14.16,664.0,Low
69.0,8.74,16.0,382.89,103.0,Medium
490.0,4.55,17.0,359.38,744.0,Medium
451.0,6.39,6.0,189.48,912.0,High
96.0,4.74,15.0,35.94,452.0,Low
282.0,9.56,7.0,379.92,367.0,High
354.0,4.44,13.0,478.04,916.0,Medium
63.0,5.72,6.0,,398.0,Low
192.0,9.05,17.0,168.53,492.0,Medium
464.0,8.81,13.0,100.07,882.0,High
50.0,3.9,13.0,292.7,629.0,Low
422.0,8.52,7.0,85.87,589.0,High
103.0,,,184.54,835.0,Low
423.0,6.12,11.0,351.54,331.0,High
,3.5,17.0,284.46,409.0,Medium
193.0,,16.0,199.37,964.0,Low
490.0,7.96,14.0,215.92,872.0,High
,,13.0,285.43,680.0,Low
379.0,5.78,17.0,12.87,941.0,Medium
273.0,7.97,13.0,48.47,695.0,Medium
321.0,8.24,12.0,441.82,690.0,High
407.0,3.69,14.0,48.16,57.0,Medium
457.0,7.08,7.0,356.33,,
205.0,3.52,8.0,460.82,540.0,Low
422.0,8.14,15.0,142.63,390.0,High
57.0,7.43,13.0,191.54,521.0,Low
171.0,9.67,11.0,288.77,842.0,Medium
397.0,3.02,15.0,,736.0,Medium
213.0,2.93,14.0,,744.0,Medium
139.0,4.62,15.0,372.39,753.0,Medium
185.0,4.46,9.0,52.44,,Low
235.0,4.35,13.0,337.89,284.0,Medium
,9.3,15.0,,132.0,
,4.37,8.0,240.64,142.0,Low
77.0,,8.0,34.08,934.0,Low
269.0,8.2,13.0,103.62,443.0,Medium
406.0,5.87,,,873.0,Medium
90.0,8.33,8.0,232.44,317.0,Low
277.0,2.99,15.0,157.81,466.0,Low
241.0,6.16,16.0,198.17,681.0,Medium
460.0,,6.0,428.66,632.0,Medium
496.0,2.97,8.0,377.01,,Medium
194.0,9.3,17.0,143.43,302.0,Medium
,3.54,14.0,67.58,,Low
466.0,6.49,10.0,133.48,941.0,High
261.0,5.58,17.0,461.17,59.0,
269.0,5.11,15.0,294.98,848.0,
289.0,9.25,7.0,271.41,365.0,Medium
462.0,2.66,12.0,302.23,887.0,Medium
446.0,7.48,7.0,189.35,322.0,High
95.0,9.73,9.0,405.48,,Medium
84.0,6.7,17.0,266.41,854.0,Low
302.0,9.53,12.0,67.21,259.0,High
439.0,2.89,9.0,73.24,779.0,Medium
131.0,5.64,12.0,273.06,802.0,Low
420.0,4.45,12.0,468.92,935.0,Medium
305.0,7.98,6.0,161.09,,Medium
246.0,9.86,11.0,436.08,761.0,High
352.0,4.42,,384.41,777.0,Medium
458.0,7.41,7.0,131.43,766.0,
499.0,3.99,8.0,27.81,974.0,Medium
59.0,6.74,15.0,59.91,465.0,Low
,5.98,10.0,366.96,265.0,Medium
335.0,9.79,14.0,107.84,129.0,
291.0,7.06,,191.92,828.0,
300.0,5.12,6.0,255.83,529.0,Medium
414.0,3.36,9.0,,951.0,Medium
54.0,3.63,11.0,65.48,940.0,Low
168.0,4.19,10.0,209.12,596.0,Medium
338.0,4.38,6.0,247.69,,Medium
423.0,8.88,9.0,275.01,67.0,High
,6.71,11.0,411.0,214.0,
195.0,6.43,15.0,94.12,574.0,Low
273.0,3.36,15.0,405.84,,
,8.95,9.0,349.51,,High
226.0,7.92,14.0,282.38,395.0,Medium
316.0,3.01,10.0,352.77,415.0,Medium
,7.81,13.0,,497.0,High
331.0,6.58,,77.81,562.0,Medium
112.0,3.11,15.0,336.22,368.0,
266.0,5.94,10.0,267.09,266.0,Medium
391.0,6.14,11.0,323.29,83.0,High
364.0,3.74,6.0,175.62,920.0,Medium
,9.59,16.0,454.36,315.0,High
226.0,8.87,17.0,297.81,,Medium
466.0,7.52,12.0,51.85,773.0,High
147.0,5.97,9.0,230.4,824.0,Medium
154.0,5.59,16.0,380.61,873.0,Medium
148.0,7.38,7.0,,129.0,Medium
434.0,6.59,10.0,252.35,726.0,High
454.0,2.97,17.0,448.43,462.0,Medium
360.0,6.34,8.0,141.16,301.0,Medium
55.0,8.55,11.0,211.19,61.0,Low
246.0,5.94,13.0,,450.0,Medium
400.0,2.89,12.0,449.17,865.0,Medium
182.0,8.4,8.0,346.0,773.0,Medium
407.0,4.01,13.0,,331.0,Medium
308.0,4.44,7.0,53.5,161.0,Medium
,3.74,15.0,433.85,772.0,Medium
72.0,4.98,14.0,167.1,427.0,Low
102.0,8.18,9.0,97.38,800.0,Low
214.0,,6.0,127.29,317.0,Medium
251.0,4.04,13.0,214.8,966.0,Medium
132.0,9.08,12.0,133.08,347.0,Low
194.0,9.1,16.0,167.08,366.0,Medium
134.0,9.03,10.0,76.14,,
127.0,4.29,15.0,155.13,,Low
415.0,5.88,10.0,290.42,999.0,High
50.0,9.89,12.0,226.51,595.0,Low
100.0,8.29,10.0,179.89,824.0,Low
222.0,2.7,13.0,375.76,414.0,Medium
254.0,,16.0,447.82,596.0,Medium
309.0,5.98,11.0,380.83,320.0,Medium
495.0,9.32,10.0,172.68,523.0,High
,6.54,14.0,374.78,788.0,High
418.0,6.23,16.0,84.47,586.0,Medium
337.0,3.29,,73.86,283.0,Medium
83.0,7.43,,179.36,,
397.0,8.67,13.0,405.77,300.0,High
144.0,5.35,,130.71,896.0,Low
,8.32,8.0,40.99,,Low
88.0,9.73,,74.54,812.0,Low
203.0,4.03,17.0,430.79,,Medium
299.0,6.42,17.0,320.55,229.0,Medium
211.0,4.65,17.0,134.07,768.0,Low
487.0,8.45,12.0,282.09,905.0,High
,6.83,15.0,268.51,198.0,Medium
308.0,7.26,16.0,331.16,632.0,High
428.0,8.48,13.0,,170.0,High
355.0,5.47,11.0,433.56,814.0,Medium
317.0,9.36,17.0,161.59,654.0,High
498.0,6.5,15.0,350.12,305.0,High
103.0,3.68,,17.9,815.0,Low
285.0,7.72,12.0,192.6,913.0,Medium
438.0,8.45,15.0,,849.0,High
271.0,4.88,,276.31,358.0,Medium
300.0,8.93,,45.64,108.0,
362.0,9.3,7.0,397.16,118.0,High
450.0,4.58,12.0,116.71,495.0,
161.0,9.88,9.0,341.75,437.0,Medium
304.0,3.56,14.0,403.57,135.0,Medium
,4.02,,285.32,835.0,
456.0,3.88,6.0,373.03,276.0,Medium
256.0,,12.0,334.31,642.0,High
278.0,7.41,11.0,184.21,675.0,Medium
390.0,3.64,13.0,406.34,233.0,Medium
447.0,5.8,10.0,154.4,841.0,High
115.0,7.11,6.0,289.89,371.0,Low
124.0,3.13,,375.24,,Low
484.0,,14.0,,367.0,High
152.0,8.53,15.0,158.36,615.0,Low
471.0,6.29,11.0,235.08,,High
241.0,9.75,15.0,410.8,758.0,High
301.0,5.63,10.0,465.66,948.0,Medium
275.0,9.88,6.0,277.09,342.0,High
343.0,7.51,11.0,334.12,342.0,High
355.0,7.26,11.0,452.6,534.0,High
147.0,3.74,8.0,58.29,948.0,Low
387.0,9.11,13.0,123.72,496.0,High
335.0,5.71,6.0,357.36,852.0,Medium
,3.72,6.0,413.63,741.0,Medium
396.0,2.59,11.0,429.94,941.0,Medium
484.0,6.7,15.0,213.4,461.0,High
,6.46,6.0,53.78,557.0,High
357.0,7.9,11.0,224.51,783.0,High
298.0,9.18,6.0,123.06,835.0,High
215.0,3.1,11.0,152.69,939.0,
384.0,7.99,8.0,388.41,293.0,High
79.0,3.91,13.0,47.01,469.0,
296.0,8.94,11.0,415.51,978.0,High
155.0,8.64,16.0,219.56,203.0,Medium
100.0,6.56,6.0,302.07,865.0,Medium
130.0,7.83,10.0,53.93,473.0,Low
182.0,4.86,13.0,175.31,,Low
334.0,6.03,8.0,53.95,,Medium
437.0,8.66,17.0,481.16,696.0,High
187.0,5.94,11.0,405.56,,Medium
233.0,,10.0,235.22,569.0,Medium
450.0,6.21,11.0,119.57,177.0,High
,8.71,15.0,467.39,422.0,High
322.0,5.01,6.0,178.85,617.0,Medium
389.0,3.8,12.0,88.88,687.0,Medium
118.0,7.84,,285.95,208.0,Medium
,8.69,7.0,472.45,620.0,Medium
311.0,3.25,,11.88,619.0,Low
102.0,4.3,10.0,126.68,701.0,Low
499.0,3.56,15.0,469.84,225.0,Medium
254.0,5.11,9.0,93.83,976.0,Medium
175.0,5.88,11.0,65.49,669.0,Low
284.0,8.12,11.0,289.39,260.0,Medium
92.0,7.38,16.0,432.3,496.0,
289.0,7.16,7.0,243.78,,Medium
420.0,5.14,7.0,497.34,,
160.0,8.81,9.0,342.79,509.0,Medium
298.0,6.03,6.0,46.3,965.0,Medium
200.0,9.84,,496.49,406.0,Medium
232.0,7.26,12.0,209.87,,Medium
385.0,3.45,17.0,150.83,282.0,
144.0,7.57,12.0,283.36,376.0,Medium
423.0,4.94,8.0,159.11,,Medium
,7.65,16.0,,231.0,High
57.0,3.02,17.0,10.7,,Low
437.0,3.81,8.0,230.3,383.0,Medium
409.0,8.92,6.0,420.06,764.0,High
437.0,4.2,8.0,,78.0,Medium
233.0,8.78,8.0,499.61,763.0,High
330.0,4.59,9.0,150.55,142.0,Medium
244.0,7.32,9.0,147.42,890.0,Medium
401.0,,8.0,88.28,917.0,
244.0,,,90.39,737.0,Medium
204.0,4.79,17.0,149.74,379.0,Medium
142.0,4.09,13.0,398.49,772.0,Medium
209.0,,13.0,453.82,233.0,Low
483.0,4.78,6.0,487.79,144.0,High
110.0,7.4,12.0,123.82,834.0,Low
,9.54,16.0,441.84,698.0,Medium
100.0,9.03,7.0,170.84,798.0,
452.0,8.25,6.0,65.29,402.0,High
326.0,8.41,8.0,436.31,979.0,High
54.0,7.49,9.0,321.69,990.0,Low
141.0,4.45,11.0,90.72,314.0,Low
219.0,9.3,15.0,220.62,696.0,Medium
,,10.0,150.76,705.0,High
71.0,6.7,9.0,371.03,68.0,Low
454.0,3.33,,232.17,792.0,
375.0,5.85,16.0,494.75,695.0,High
50.0,5.95,17.0,36.83,675.0,Low
182.0,8.98,9.0,183.96,548.0,Medium
282.0,,15.0,246.13,188.0,Medium
61.0,5.35,17.0,256.54,686.0,Low
395.0,9.83,7.0,164.81,765.0,High
95.0,3.33,8.0,367.33,622.0,Low
83.0,5.67,11.0,,811.0,Low
482.0,2.82,13.0,469.97,859.0,Medium
127.0,8.05,13.0,404.5,574.0,
267.0,9.39,16.0,426.78,957.0,High
350.0,4.6,14.0,279.77,,Medium
460.0,8.94,12.0,,134.0,High
122.0,,7.0,158.72,507.0,Low
331.0,9.33,13.0,205.25,581.0,High
298.0,8.15,12.0,165.29,611.0,Medium
96.0,8.54,13.0,239.02,725.0,
170.0,2.64,17.0,149.93,,Low
,9.72,8.0,481.19,,High
288.0,7.95,12.0,163.29,118.0,Medium
,4.79,15.0,58.04,86.0,Low
399.0,8.72,14.0,268.14,814.0,
156.0,,8.0,,,Low
368.0,9.05,15.0,64.17,189.0,High
97.0,3.34,11.0,117.5,916.0,Low
110.0,7.78,7.0,237.53,942.0,Medium
,6.56,7.0,222.29,729.0,Medium
,3.22,10.0,401.85,615.0,Low
341.0,4.31,,372.34,947.0,Medium
306.0,2.59,12.0,218.9,,Medium
57.0,6.02,17.0,173.52,858.0,Low
162.0,4.76,,165.07,862.0,Low
404.0,6.99,16.0,389.26,920.0,High
,4.73,12.0,35.52,667.0,Medium
229.0,4.75,10.0,16.28,,Low
256.0,8.07,11.0,,239.0,Medium
352.0,2.86,13.0,243.8,689.0,Medium
176.0,9.27,15.0,74.13,391.0,Medium
105.0,8.89,17.0,125.43,608.0,Medium
263.0,7.51,9.0,,54.0,High
63.0,6.95,12.0,431.16,306.0,Low
77.0,9.19,11.0,357.79,861.0,Low
,3.89,15.0,246.29,711.0,Low
265.0,,7.0,264.96,855.0,Low
435.0,4.3,13.0,487.87,292.0,Medium
414.0,8.46,15.0,483.23,836.0,High
203.0,2.76,14.0,115.48,769.0,Low
63.0,6.87,10.0,407.44,464.0,Medium
236.0,9.97,15.0,106.65,676.0,Medium
361.0,8.92,9.0,114.63,756.0,High
420.0,,11.0,341.29,,High
56.0,2.98,13.0,208.45,731.0,Low
52.0,,16.0,466.46,428.0,Low
160.0,6.99,8.0,53.61,643.0,Low
456.0,3.36,15.0,260.65,715.0,Medium
,3.2,16.0,460.08,,Medium
412.0,9.32,16.0,453.02,,
,7.52,,86.7,,Medium
323.0,8.72,9.0,189.65,372.0,High
343.0,9.09,9.0,313.37,171.0,High
276.0,6.79,6.0,88.1,301.0,Medium
,,14.0,,904.0,High
64.0,5.73,8.0,458.23,948.0,Medium
,,,91.81,,Medium
168.0,5.76,11.0,69.37,650.0,Low
,8.3,13.0,51.85,,Low
251.0,7.01,11.0,455.63,619.0,Medium
,9.19,8.0,104.88,541.0,Low
490.0,5.83,11.0,213.98,624.0,High
322.0,7.05,6.0,229.94,396.0,Medium
280.0,7.23,9.0,303.52,869.0,Medium
135.0,,11.0,45.15,536.0,
175.0,7.77,12.0,121.11,522.0,
349.0,4.28,16.0,466.43,431.0,Medium
,6.34,,455.12,329.0,
,3.28,15.0,392.83,121.0,Low
62.0,5.38,8.0,19.51,570.0,Low
261.0,6.16,14.0,170.23,415.0,Medium
74.0,7.39,17.0,317.7,982.0,Low
117.0,9.63,17.0,144.84,143.0,Medium
443.0,7.0,12.0,455.7,422.0,High
116.0,8.08,6.0,320.61,388.0,Medium
282.0,6.3,7.0,45.23,486.0,Medium
,7.26,6.0,455.41,385.0,
,3.03,16.0,479.31,713.0,Low
160.0,4.41,14.0,48.08,541.0,Low
277.0,5.21,14.0,270.86,966.0,Medium
160.0,,12.0,158.65,,Medium
83.0,2.84,15.0,202.49,89.0,Low
160.0,3.55,8.0,98.03,408.0,Low
313.0,4.58,10.0,293.26,623.0,Medium
473.0,9.79,,479.41,303.0,High
418.0,4.99,12.0,256.51,630.0,Medium
285.0,6.12,14.0,50.63,447.0,Medium
132.0,,17.0,,806.0,Low
91.0,7.08,7.0,176.71,926.0,Low
474.0,4.61,13.0,429.4,219.0,Medium
150.0,4.05,14.0,222.99,,Low
55.0,,15.0,104.49,750.0,Low
229.0,2.54,15.0,103.64,560.0,Low
331.0,2.56,14.0,386.69,309.0,Medium
,4.14,15.0,,633.0,Medium
275.0,2.78,12.0,385.94,508.0,Medium
492.0,3.31,14.0,,,Medium
,5.04,14.0,167.63,931.0,Medium
364.0,8.52,,238.09,390.0,High
414.0,6.79,9.0,472.17,106.0,
278.0,6.35,7.0,466.55,267.0,Medium
426.0,4.7,15.0,111.37,668.0,Medium
338.0,9.49,8.0,185.53,865.0,High
486.0,5.48,16.0,83.21,989.0,Medium
199.0,3.15,16.0,,734.0,Low
326.0,7.13,10.0,235.69,780.0,High
,3.35,10.0,451.37,513.0,Medium
119.0,,11.0,465.7,296.0,Medium
,6.31,,197.95,779.0,
53.0,9.06,,250.95,,Low
399.0,6.2,6.0,449.16,466.0,High
380.0,7.77,,405.29,80.0,High
495.0,9.95,17.0,11.79,417.0,High
367.0,3.49,14.0,166.83,608.0,Medium
399.0,4.56,15.0,216.67,695.0,Medium
144.0,5.46,7.0,122.56,157.0,Low
201.0,5.66,11.0,107.79,633.0,Medium
360.0,5.58,16.0,28.51,888.0,Medium
186.0,9.31,16.0,,467.0,Medium
296.0,7.86,6.0,138.63,,High
436.0,7.06,8.0,35.65,870.0,High
292.0,,7.0,123.18,447.0,Medium
80.0,8.68,8.0,402.94,321.0,
89.0,,10.0,,732.0,Medium
278.0,8.66,16.0,246.7,165.0,High
85.0,2.51,15.0,213.87,890.0,Low
457.0,7.27,11.0,489.15,635.0,High
272.0,2.88,14.0,108.28,305.0,Low
55.0,4.43,17.0,115.53,130.0,Low
371.0,,16.0,153.01,829.0,Medium
269.0,7.03,15.0,94.65,177.0,Medium
,7.65,17.0,195.89,,Medium
53.0,3.36,17.0,456.31,,Medium
384.0,,9.0,311.52,284.0,Medium
183.0,5.92,12.0,211.85,602.0,Medium
167.0,5.27,11.0,,230.0,Medium
418.0,3.41,7.0,33.75,206.0,Medium
143.0,,15.0,113.04,503.0,
484.0,8.13,16.0,287.29,,High
111.0,3.03,16.0,311.62,906.0,Low
490.0,3.1,16.0,29.38,810.0,
243.0,5.16,13.0,207.49,753.0,Low
384.0,9.56,12.0,328.09,73.0,High
252.0,7.51,12.0,352.05,522.0,Medium
441.0,7.59,13.0,322.69,449.0,High
75.0,5.21,17.0,167.08,997.0,Low
484.0,6.95,17.0,55.82,641.0,High
222.0,2.58,16.0,,183.0,Low
349.0,7.27,6.0,73.09,470.0,Medium
,9.35,6.0,474.34,262.0,Medium
375.0,7.09,,242.83,,Medium
459.0,9.05,9.0,165.46,,High
167.0,7.93,10.0,,397.0,Medium
373.0,3.4,13.0,,,
324.0,9.27,10.0,161.92,986.0,High
261.0,3.0,15.0,407.86,397.0,Low
274.0,,9.0,434.9,898.0,Medium
69.0,3.57,,339.77,447.0,
162.0,2.59,11.0,33.01,632.0,Low
189.0,5.67,17.0,287.5,,
,4.71,10.0,384.01,484.0,Low
50.0,6.15,12.0,76.89,626.0,Low
139.0,6.83,15.0,122.05,270.0,Low
191.0,2.83,12.0,,357.0,Low
369.0,,9.0,19.86,847.0,
87.0,6.69,,378.84,,Low
342.0,,10.0,242.15,768.0,Medium
,7.97,8.0,228.92,515.0,High
188.0,7.39,9.0,13.48,148.0,Medium
405.0,8.84,9.0,411.51,291.0,High
382.0,7.69,8.0,186.31,207.0,
308.0,,15.0,274.98,659.0,Medium
210.0,,10.0,341.88,603.0,Medium
439.0,4.57,10.0,354.29,700.0,High
227.0,4.8,,478.43,844.0,
59.0,8.42,,270.36,969.0,Low
310.0,5.85,,205.86,276.0,Medium
456.0,8.49,9.0,477.31,472.0,
187.0,8.67,14.0,324.63,121.0,Medium
221.0,8.93,11.0,156.09,292.0,Medium
,9.37,,71.97,,High
62.0,5.73,7.0,422.85,638.0,Low
217.0,4.89,11.0,,94.0,Low
179.0,6.87,7.0,333.63,521.0,Medium
133.0,5.28,10.0,240.7,420.0,Low
370.0,7.01,11.0,,904.0,Medium
368.0,7.79,9.0,304.83,701.0,
150.0,7.66,8.0,39.73,738.0,Medium
378.0,5.31,12.0,212.54,,Medium
,3.75,7.0,277.84,976.0,Medium
314.0,5.73,16.0,223.66,141.0,Medium
448.0,3.57,11.0,376.85,71.0,Medium
,,9.0,,221.0,High
87.0,5.09,11.0,387.91,653.0,Low
,,,29.02,241.0,Medium
143.0,2.69,9.0,105.12,126.0,Low
144.0,7.34,,,330.0,Medium
354.0,7.28,14.0,468.06,413.0,High
118.0,5.05,12.0,419.13,228.0,Low
367.0,3.04,8.0,422.84,287.0,Medium
493.0,5.57,8.0,158.57,184.0,
285.0,4.83,11.0,,926.0,
,7.58,11.0,240.65,951.0,High
383.0,7.04,,87.11,329.0,Medium
422.0,,14.0,25.22,68.0,Medium
425.0,4.13,9.0,473.98,644.0,High
186.0,9.91,14.0,127.95,,Medium
467.0,5.91,9.0,127.57,420.0,Medium
125.0,7.66,7.0,50.86,826.0,Medium
84.0,3.55,7.0,464.97,161.0,Low
50.0,,10.0,294.07,812.0,Low
345.0,2.71,9.0,336.85,725.0,
369.0,6.29,,456.67,919.0,High
455.0,9.73,16.0,179.35,729.0,High
109.0,5.38,10.0,314.54,,Medium
369.0,2.79,11.0,29.01,969.0,Low
398.0,2.73,15.0,101.52,353.0,Low
377.0,5.41,9.0,417.31,752.0,Medium
316.0,3.7,17.0,385.72,374.0,Medium
410.0,2.68,7.0,181.81,486.0,Medium
278.0,8.17,15.0,194.64,487.0,Medium
319.0,5.94,14.0,,219.0,Medium
365.0,4.67,15.0,10.12,424.0,
335.0,9.25,12.0,128.21,606.0,
340.0,3.37,,,,Medium
262.0,9.67,8.0,132.74,63.0,Medium
214.0,4.85,,404.89,792.0,Medium
54.0,,8.0,147.04,718.0,Low
388.0,,14.0,103.85,549.0,Medium
428.0,8.7,10.0,257.09,695.0,High
127.0,9.88,8.0,434.17,440.0,Medium
,4.66,10.0,128.26,598.0,Medium
,9.71,7.0,48.48,614.0,Low
,5.42,16.0,184.64,579.0,Low
138.0,5.39,9.0,376.35,541.0,
286.0,5.05,15.0,279.84,599.0,Medium
91.0,6.56,7.0,410.23,748.0,Low
138.0,3.66,7.0,,434.0,Low
451.0,6.65,17.0,398.4,245.0,High
345.0,6.56,13.0,305.86,,Medium
377.0,8.21,6.0,251.74,349.0,High
344.0,8.75,12.0,29.63,864.0,High
153.0,5.8,10.0,492.32,,Medium
63.0,4.77,16.0,197.91,776.0,Low
337.0,4.45,13.0,84.59,780.0,Medium
228.0,3.96,6.0,,,Low
174.0,2.93,16.0,,,Low
471.0,5.07,12.0,297.03,357.0,Medium
,4.53,10.0,297.52,301.0,Medium
72.0,9.75,9.0,228.41,57.0,Low
112.0,6.68,12.0,419.7,817.0,Medium
192.0,5.1,15.0,139.83,924.0,Low
202.0,6.85,7.0,229.83,257.0,Low
194.0,3.54,17.0,273.47,,
274.0,,6.0,335.18,180.0,Medium
,,6.0,394.15,785.0,
358.0,6.17,,203.46,758.0,Medium
153.0,5.51,17.0,326.56,703.0,
153.0,9.95,6.0,,813.0,Medium
484.0,,17.0,,657.0,High
88.0,7.18,10.0,197.7,75.0,Low
484.0,,15.0,367.47,672.0,High
,7.15,12.0,19.97,503.0,Medium
183.0,4.01,7.0,110.54,684.0,Low
116.0,5.46,15.0,248.67,235.0,Low
440.0,2.8,13.0,440.34,533.0,Medium
228.0,,9.0,,729.0,Medium
91.0,6.57,17.0,465.64,100.0,Low
497.0,4.21,8.0,247.06,940.0,Medium
64.0,9.73,15.0,,54.0,Low
160.0,9.32,16.0,68.68,638.0,Medium
206.0,7.92,13.0,403.3,,Medium
338.0,6.5,7.0,131.01,,
280.0,9.02,16.0,450.81,,High
460.0,3.48,16.0,,254.0,Medium
469.0,8.43,8.0,472.22,816.0,High
206.0,3.44,,264.91,999.0,Medium
,8.46,8.0,,60.0,Medium
490.0,4.57,15.0,391.47,998.0,High
146.0,9.08,16.0,74.2,57.0,Medium
460.0,9.58,6.0,304.47,458.0,High
,3.62,11.0,26.81,985.0,Medium
338.0,,7.0,253.81,81.0,
303.0,9.86,6.0,85.87,589.0,High
245.0,6.13,7.0,,767.0,Medium
135.0,8.98,17.0,188.87,436.0,Medium
371.0,6.92,11.0,221.89,277.0,High
59.0,5.31,9.0,315.35,689.0,Low
,4.64,11.0,46.47,,Low
172.0,4.02,17.0,256.81,524.0,Medium
379.0,8.21,14.0,99.49,773.0,
402.0,5.4,15.0,,800.0,Medium
167.0,6.33,17.0,322.33,256.0,Medium
343.0,6.19,15.0,282.79,367.0,Medium
446.0,6.83,13.0,371.76,844.0,High
,8.99,6.0,174.45,,Medium
352.0,9.86,13.0,384.9,606.0,High
277.0,5.56,14.0,222.06,666.0,Medium
414.0,8.71,11.0,247.25,397.0,High
265.0,8.23,15.0,327.57,842.0,
,,10.0,19.0,283.0,High
233.0,9.67,11.0,,750.0,High
64.0,4.0,11.0,313.11,93.0,Low
206.0,3.32,14.0,161.83,786.0,Low
185.0,8.9,9.0,,991.0,Medium
,5.79,,54.56,191.0,Medium
206.0,,16.0,462.38,,
96.0,9.2,16.0,347.75,225.0,Medium
373.0,2.97,14.0,72.28,703.0,
381.0,9.13,7.0,184.79,498.0,High
222.0,5.86,15.0,300.32,641.0,Medium
179.0,6.33,14.0,419.43,131.0,Medium
460.0,7.2,7.0,31.39,184.0,High
144.0,9.45,17.0,125.95,768.0,Medium
164.0,2.64,13.0,445.98,905.0,Medium
292.0,6.08,14.0,14.49,226.0,Medium
469.0,7.66,17.0,108.69,432.0,
341.0,7.92,15.0,479.92,292.0,High
331.0,7.69,14.0,310.57,616.0,Medium
348.0,3.51,,138.22,190.0,Medium
332.0,4.75,14.0,42.83,506.0,Medium
118.0,5.19,7.0,23.81,489.0,Low
,8.53,9.0,129.93,,Medium
60.0,4.59,,441.93,576.0,Low
303.0,4.08,17.0,213.8,746.0,Low
379.0,9.68,7.0,362.96,875.0,High
409.0,2.57,6.0,459.96,468.0,Medium
87.0,9.98,8.0,209.94,137.0,Low
183.0,7.58,17.0,103.73,658.0,Medium
249.0,8.71,9.0,263.39,705.0,High
72.0,,13.0,454.96,,Low
352.0,2.61,11.0,404.14,526.0,Medium
395.0,8.03,16.0,42.26,264.0,High
351.0,8.76,7.0,349.36,734.0,High
412.0,8.05,14.0,290.23,784.0,High
445.0,3.57,7.0,454.66,601.0,High
267.0,8.15,17.0,70.02,546.0,Medium
190.0,8.27,,271.68,743.0,Medium
153.0,7.44,17.0,,552.0,Medium
495.0,8.25,9.0,210.91,831.0,High
259.0,8.84,12.0,246.18,748.0,Medium
160.0,7.1,13.0,44.53,,Low
153.0,3.16,10.0,146.29,527.0,Low
365.0,6.16,15.0,169.01,358.0,Medium
220.0,3.08,,473.11,280.0,Medium
405.0,5.56,7.0,,432.0,
373.0,5.55,13.0,235.83,204.0,
182.0,3.0,7.0,338.94,224.0,
,5.12,15.0,89.47,,Medium
342.0,3.33,17.0,248.36,164.0,Medium
377.0,8.56,,371.88,439.0,High
176.0,9.61,13.0,434.76,360.0,Medium
155.0,,11.0,316.87,349.0,Medium
141.0,9.66,9.0,337.84,67.0,Medium
336.0,,9.0,71.88,833.0,Medium
427.0,4.75,11.0,473.43,61.0,High
442.0,3.08,9.0,74.96,453.0,Medium
100.0,6.25,13.0,389.59,862.0,Medium
78.0,8.46,14.0,139.76,753.0,Low
345.0,7.8,6.0,467.46,281.0,High
346.0,2.88,9.0,,654.0,Medium
263.0,,9.0,379.37,779.0,Medium
,5.52,7.0,117.34,327.0,Medium
456.0,4.71,11.0,227.09,402.0,Medium
306.0,4.24,8.0,312.73,352.0,Medium
351.0,4.61,12.0,387.29,,Medium
150.0,8.53,16.0,60.94,519.0,Medium
454.0,9.47,16.0,481.56,862.0,High
395.0,5.54,10.0,446.21,126.0,High
159.0,9.3,9.0,142.47,570.0,
469.0,4.91,10.0,413.15,73.0,High
231.0,6.07,13.0,263.98,64.0,
362.0,4.2,8.0,,725.0,Medium
50.0,7.3,12.0,164.07,574.0,Low
368.0,9.84,11.0,294.67,396.0,High
487.0,7.03,17.0,367.65,221.0,High
104.0,5.18,,211.36,918.0,Low
420.0,7.36,12.0,318.32,376.0,High
473.0,3.42,12.0,352.66,761.0,Medium
,9.16,17.0,,534.0,High
198.0,6.27,,35.46,538.0,Medium
480.0,5.87,14.0,431.28,511.0,High
358.0,6.89,11.0,234.54,,Medium
186.0,7.19,17.0,138.58,637.0,Medium
,,7.0,128.46,213.0,Low
,7.62,10.0,246.68,421.0,High
362.0,4.31,16.0,444.55,622.0,
166.0,7.85,9.0,195.39,473.0,Medium
203.0,8.67,12.0,,806.0,Medium
474.0,8.53,13.0,57.44,526.0,High
340.0,6.64,16.0,243.27,431.0,Medium
112.0,6.4,16.0,495.93,204.0,Medium
293.0,3.57,6.0,387.51,306.0,Medium
74.0,,,113.16,805.0,Low
139.0,4.54,8.0,255.71,723.0,Medium
124.0,6.23,6.0,124.48,117.0,Low
343.0,4.63,17.0,210.68,393.0,Medium
435.0,,8.0,392.24,,Medium
440.0,7.22,11.0,387.9,722.0,High
259.0,2.91,12.0,121.77,440.0,Low
467.0,8.11,13.0,461.89,498.0,High
396.0,4.88,16.0,300.36,308.0,Medium
66.0,2.5,9.0,196.16,356.0,Low
177.0,6.33,8.0,,896.0,Medium
,2.85,10.0,306.48,144.0,Medium
,4.57,14.0,284.35,999.0,Medium
413.0,7.8,11.0,248.34,,High
300.0,2.97,14.0,257.42,295.0,Low
228.0,8.8,11.0,96.44,782.0,Medium
231.0,2.53,7.0,408.24,,
201.0,4.35,10.0,275.46,236.0,Medium
74.0,8.06,17.0,74.23,823.0,Low
,4.87,16.0,,974.0,
247.0,3.26,14.0,466.9,834.0,Low
393.0,5.2,13.0,,,Medium
210.0,4.53,12.0,190.82,621.0,
226.0,8.82,6.0,76.4,455.0,Medium
334.0,4.85,9.0,264.02,457.0,Medium
112.0,8.42,17.0,,174.0,Low
199.0,9.19,12.0,467.65,386.0,Medium
203.0,5.75,16.0,99.95,390.0,Low
205.0,9.32,12.0,133.86,612.0,Medium
,5.33,,209.25,227.0,Medium
98.0,,13.0,197.75,700.0,
386.0,3.17,16.0,399.38,,Medium
133.0,7.65,11.0,233.6,219.0,Medium
410.0,6.2,15.0,93.68,88.0,High
226.0,5.41,8.0,140.93,118.0,Medium
197.0,7.25,9.0,259.47,285.0,Medium
167.0,7.78,8.0,82.25,609.0,Low
391.0,2.53,6.0,309.71,430.0,Medium
112.0,3.75,15.0,287.22,106.0,Low
238.0,7.85,10.0,360.2,326.0,Medium
409.0,7.5,6.0,469.48,899.0,High
98.0,9.75,6.0,457.0,148.0,
376.0,,7.0,473.58,965.0,High
306.0,9.63,9.0,129.91,576.0,
,,11.0,74.47,374.0,Medium
190.0,4.74,13.0,158.12,510.0,Low
,3.29,8.0,,,
484.0,8.36,6.0,,893.0,High
428.0,7.33,8.0,431.07,623.0,High
489.0,2.86,17.0,63.91,,Medium
260.0,5.2,8.0,474.24,518.0,Medium
367.0,9.68,10.0,217.45,598.0,
81.0,6.25,,14.56,695.0,Low
207.0,5.75,17.0,,504.0,Medium
334.0,5.93,17.0,,75.0,Medium
354.0,4.07,9.0,276.5,539.0,Medium
478.0,5.27,9.0,175.89,57.0,Medium
335.0,5.27,14.0,241.98,565.0,Medium
193.0,,12.0,,582.0,Low
473.0,8.26,9.0,435.71,976.0,High
68.0,5.62,8.0,334.33,198.0,Low
67.0,8.67,11.0,222.68,537.0,Low
306.0,8.88,8.0,411.52,74.0,High
127.0,4.09,11.0,453.74,704.0,Medium
420.0,7.43,16.0,68.68,806.0,High
224.0,6.04,16.0,270.65,980.0,Medium
243.0,9.1,17.0,149.41,994.0,Medium
162.0,4.12,14.0,33.06,,Low
163.0,7.58,,337.59,474.0,Medium
,7.06,17.0,432.76,342.0,Medium
215.0,4.71,9.0,89.82,234.0,Low
484.0,3.52,10.0,408.08,603.0,Medium
368.0,7.39,11.0,428.16,480.0,High
181.0,8.04,16.0,458.03,653.0,Medium
434.0,4.87,8.0,,366.0,Medium
313.0,7.34,13.0,452.94,,High
,5.46,9.0,,373.0,High
104.0,,13.0,280.65,614.0,Low
408.0,,15.0,34.75,645.0,Medium
180.0,9.18,,31.5,595.0,Medium
337.0,4.66,8.0,362.98,125.0,Medium
315.0,5.26,15.0,227.8,914.0,
415.0,2.94,12.0,135.58,969.0,Medium
211.0,3.34,16.0,,965.0,Low
429.0,6.37,17.0,338.28,758.0,High
136.0,4.51,,10.2,535.0,Low
104.0,8.77,9.0,404.89,847.0,Medium
337.0,2.61,13.0,48.83,137.0,Low
227.0,,8.0,103.83,796.0,Medium
440.0,5.03,,199.26,281.0,Medium
398.0,2.64,8.0,247.58,56.0,Low
57.0,3.43,17.0,183.95,853.0,Low
370.0,5.6,12.0,,599.0,Medium
,6.2,16.0,482.32,,High
,5.53,15.0,324.37,704.0,Medium
372.0,6.48,15.0,21.48,991.0,Medium
492.0,,16.0,220.79,968.0,High
,2.57,16.0,438.75,445.0,Low
,5.98,11.0,157.71,270.0,High
,9.73,7.0,56.33,477.0,Low
298.0,6.39,16.0,381.61,801.0,Medium
288.0,7.58,8.0,306.95,192.0,Medium
278.0,4.84,11.0,289.45,910.0,Medium
,8.3,9.0,36.25,412.0,Low
,8.3,11.0,78.84,431.0,Low
146.0,6.41,6.0,,610.0,
141.0,,15.0,111.83,326.0,Medium
313.0,3.44,17.0,256.99,,Medium
467.0,,6.0,276.99,63.0,Medium
340.0,8.28,8.0,148.92,347.0,
145.0,8.55,13.0,474.73,513.0,Medium
,3.4,13.0,422.81,576.0,Low
127.0,4.49,16.0,363.96,283.0,Low
337.0,2.63,9.0,48.22,624.0,Low
169.0,4.7,11.0,62.0,757.0,Low
351.0,8.3,13.0,251.46,76.0,High
449.0,6.38,12.0,88.75,520.0,High
214.0,5.11,16.0,489.35,142.0,Medium
231.0,5.29,12.0,87.67,666.0,Medium
447.0,2.51,9.0,,358.0,Medium
272.0,,14.0,188.42,101.0,Medium
360.0,7.35,17.0,323.3,368.0,High
481.0,,15.0,73.23,230.0,High
56.0,8.85,11.0,220.86,618.0,Low
379.0,2.68,17.0,144.61,169.0,Low
312.0,9.24,16.0,445.0,869.0,High
210.0,8.37,8.0,29.89,924.0,Medium
200.0,8.35,,457.73,92.0,Medium
,5.93,10.0,418.17,696.0,Medium
,5.49,10.0,155.81,934.0,Low
161.0,4.77,13.0,396.75,987.0,Low
430.0,2.99,14.0,25.29,309.0,Medium
,4.21,,483.76,246.0,Medium
85.0,4.35,11.0,268.03,694.0,Low
,6.13,11.0,158.61,304.0,
237.0,8.11,14.0,187.67,781.0,Medium
,6.05,9.0,42.54,385.0,Low
51.0,2.93,11.0,494.78,602.0,Low
434.0,9.68,,29.25,551.0,High
352.0,9.57,16.0,330.9,949.0,High
246.0,8.39,6.0,226.94,304.0,Medium
453.0,9.93,,474.97,563.0,
60.0,6.58,15.0,,756.0,Low
283.0,9.72,16.0,270.72,291.0,High
435.0,3.07,17.0,246.35,198.0,Medium
,5.24,11.0,354.4,759.0,Medium
168.0,,14.0,43.33,348.0,Low
445.0,3.97,,104.96,806.0,Medium
69.0,,12.0,115.14,899.0,Low
310.0,7.17,7.0,371.69,669.0,High
342.0,8.36,17.0,102.68,502.0,Medium
471.0,6.84,16.0,291.01,442.0,High
305.0,3.6,14.0,115.47,261.0,Low
271.0,8.58,15.0,,717.0,
442.0,7.27,14.0,471.67,587.0,High
275.0,5.41,11.0,,643.0,Medium
102.0,7.56,8.0,182.63,644.0,
477.0,4.45,6.0,124.69,180.0,Medium
404.0,,9.0,34.39,378.0,
391.0,9.38,8.0,141.57,661.0,High
413.0,4.68,17.0,330.58,305.0,Medium
329.0,6.02,6.0,271.47,528.0,Medium
130.0,9.18,8.0,472.58,610.0,Medium
251.0,7.81,9.0,204.18,962.0,Medium
207.0,2.97,13.0,349.99,112.0,Medium
169.0,,14.0,249.77,360.0,Low
108.0,2.56,8.0,261.16,456.0,Low
264.0,7.23,11.0,141.21,851.0,
177.0,5.86,15.0,232.93,154.0,
273.0,3.51,16.0,240.68,666.0,Low
258.0,9.68,10.0,356.25,886.0,High
419.0,6.47,11.0,470.91,64.0,High
164.0,4.31,9.0,171.37,736.0,
258.0,6.25,15.0,30.68,308.0,Medium
63.0,7.6,11.0,,772.0,Low
58.0,3.07,12.0,276.79,461.0,Low
89.0,4.56,14.0,92.54,308.0,
499.0,8.55,15.0,382.63,663.0,High
286.0,5.95,12.0,492.62,,Medium
330.0,6.6,11.0,473.43,905.0,High
408.0,5.75,6.0,106.58,720.0,Medium
250.0,2.83,7.0,438.93,94.0,Medium
295.0,3.74,6.0,355.2,862.0,Medium
327.0,5.84,14.0,232.38,812.0,Medium
284.0,4.07,,,380.0,Medium
53.0,2.87,15.0,426.3,214.0,Low
203.0,8.83,14.0,245.27,242.0,Medium
491.0,9.86,12.0,192.87,570.0,
78.0,8.45,7.0,251.69,450.0,Low
158.0,8.9,11.0,293.77,423.0,Medium
147.0,4.31,,102.65,114.0,Low
264.0,9.7,9.0,451.44,436.0,High
342.0,3.98,6.0,,544.0,Medium
124.0,9.64,,320.3,843.0,Medium
375.0,9.96,17.0,58.75,742.0,
195.0,7.84,10.0,306.05,464.0,Medium
177.0,9.86,17.0,69.27,843.0,Medium
390.0,,7.0,48.56,840.0,Medium
91.0,4.45,9.0,268.38,79.0,Low
405.0,5.78,6.0,207.36,315.0,
90.0,6.95,9.0,298.52,,Medium
471.0,3.05,,53.72,541.0,Medium
83.0,7.17,11.0,,266.0,Low
66.0,9.86,15.0,95.65,369.0,Low
214.0,3.93,9.0,493.68,,Medium
202.0,8.44,6.0,284.96,448.0,Medium
427.0,9.31,12.0,346.84,940.0,High
125.0,9.58,,169.45,,Medium
136.0,9.7,14.0,,745.0,Medium
166.0,6.41,8.0,488.18,379.0,Medium
411.0,9.83,13.0,,709.0,High
391.0,8.18,13.0,217.67,666.0,High
76.0,3.71,8.0,328.43,96.0,Low
362.0,6.08,9.0,22.1,648.0,Medium
336.0,7.89,7.0,407.03,870.0,High
183.0,4.36,,272.92,,Low
268.0,7.3,16.0,146.33,690.0,Medium
217.0,7.5,16.0,40.19,819.0,Medium
147.0,3.72,16.0,89.62,363.0,Medium
317.0,6.74,14.0,448.57,196.0,Medium
286.0,8.29,,346.15,511.0,High
358.0,,17.0,132.45,633.0,
,2.59,,42.14,535.0,Medium
222.0,2.57,8.0,348.4,701.0,Medium
450.0,5.18,,,,High
459.0,9.45,16.0,208.21,76.0,High
239.0,4.22,9.0,188.17,78.0,Low
171.0,7.26,10.0,116.24,320.0,Medium
95.0,,6.0,338.11,735.0,Low
113.0,4.91,12.0,485.63,550.0,Low
179.0,8.86,15.0,96.1,302.0,Medium
359.0,7.97,12.0,302.59,434.0,High
412.0,3.22,14.0,217.85,109.0,Medium
242.0,5.72,9.0,228.88,156.0,Medium
356.0,,11.0,134.53,269.0,Medium
230.0,6.11,16.0,414.32,,Medium
341.0,7.47,7.0,247.78,820.0,
420.0,,17.0,276.27,932.0,Medium
331.0,4.67,,159.33,707.0,Medium
78.0,,9.0,99.09,613.0,Low
198.0,9.4,7.0,52.1,621.0,Medium
316.0,9.95,,,595.0,High
,,10.0,106.15,145.0,
60.0,8.21,12.0,348.14,138.0,Low
213.0,5.29,6.0,201.28,877.0,
162.0,5.44,15.0,213.73,971.0,Medium
236.0,8.16,15.0,239.9,280.0,Medium
344.0,9.39,,190.18,,High
281.0,9.63,15.0,,295.0,High
276.0,,11.0,161.72,160.0,Medium
,5.18,11.0,335.23,283.0,Medium
,8.41,17.0,336.23,327.0,Medium
104.0,4.38,13.0,150.25,526.0,Low
160.0,6.73,13.0,235.45,466.0,
201.0,5.19,11.0,104.79,727.0,Low
295.0,7.42,8.0,113.08,177.0,Medium
455.0,4.3,10.0,21.29,286.0,
118.0,3.94,7.0,449.41,852.0,Medium
361.0,9.39,10.0,113.25,668.0,High
,3.26,14.0,121.49,177.0,Low
,6.29,15.0,147.0,756.0,Medium
85.0,,6.0,72.43,900.0,Low
288.0,2.79,15.0,323.24,,Medium
,2.77,10.0,46.82,524.0,Low
276.0,3.81,17.0,75.76,704.0,
293.0,,,325.93,444.0,High
386.0,4.62,16.0,176.43,160.0,Medium
495.0,9.63,,356.89,139.0,High
414.0,6.86,14.0,283.14,812.0,High
250.0,5.77,11.0,135.45,329.0,Medium
203.0,6.85,10.0,328.91,,Medium
499.0,6.38,17.0,66.97,273.0,High
122.0,8.19,12.0,272.84,150.0,Medium
250.0,4.62,6.0,224.2,181.0,
,5.15,16.0,141.26,62.0,Medium
66.0,9.21,10.0,305.96,506.0,Low
178.0,9.6,7.0,436.95,490.0,Medium
266.0,9.19,9.0,499.46,147.0,High
,,12.0,307.8,,Medium
476.0,8.35,10.0,208.31,,High
153.0,6.07,17.0,120.35,865.0,Low
91.0,6.23,11.0,135.98,760.0,Low
74.0,4.04,7.0,244.93,50.0,Low
88.0,6.93,8.0,189.97,621.0,Low
340.0,3.9,12.0,457.77,299.0,Medium
180.0,4.99,16.0,190.46,701.0,Medium
278.0,8.91,7.0,192.99,198.0,Medium
157.0,4.05,17.0,197.93,444.0,Low
221.0,3.03,11.0,,93.0,Medium
484.0,3.02,10.0,328.89,932.0,Medium
151.0,9.56,15.0,310.94,747.0,Medium
403.0,6.3,6.0,173.73,669.0,High
61.0,5.57,17.0,410.77,93.0,Low
324.0,8.58,,28.8,127.0,High
150.0,8.77,15.0,436.69,275.0,Medium
93.0,4.99,16.0,,211.0,
492.0,7.7,9.0,205.14,,High
354.0,,,253.61,302.0,High
,7.41,7.0,337.03,181.0,High
66.0,3.64,9.0,16.26,497.0,Low
379.0,9.07,6.0,437.06,933.0,
106.0,6.54,7.0,228.9,936.0,Low
360.0,4.62,13.0,,523.0,Medium
352.0,5.69,11.0,77.74,705.0,Medium
61.0,2.78,7.0,225.34,827.0,Low
367.0,3.46,,253.2,158.0,Medium
,8.24,11.0,,755.0,Low
265.0,2.5,15.0,342.54,84.0,Low
388.0,5.62,14.0,216.24,516.0,Medium
313.0,6.42,12.0,481.09,951.0,High
198.0,2.91,14.0,303.65,324.0,Low
,9.8,10.0,405.66,236.0,
264.0,4.2,12.0,63.58,998.0,Medium
,4.78,16.0,204.67,292.0,Medium
247.0,4.78,12.0,,,Low
249.0,4.23,17.0,289.05,571.0,Medium
74.0,2.51,17.0,431.95,727.0,Low
138.0,7.97,8.0,,590.0,Low
,9.75,12.0,45.56,,High
192.0,4.18,,,136.0,Low
108.0,7.47,14.0,114.3,584.0,Low
459.0,8.06,15.0,337.69,259.0,High
,,11.0,276.01,95.0,
75.0,5.67,10.0,418.12,516.0,Low
,4.77,12.0,71.29,,Low
,4.94,10.0,73.59,75.0,Medium
315.0,7.84,15.0,282.84,315.0,High
65.0,8.63,10.0,473.73,224.0,Low
248.0,3.86,16.0,213.35,565.0,Low
450.0,5.28,15.0,170.2,,Medium
456.0,9.26,16.0,307.28,371.0,High
331.0,8.55,12.0,465.92,628.0,High
,9.89,,420.09,184.0,Medium
299.0,8.16,12.0,497.79,104.0,High
440.0,5.45,16.0,21.06,592.0,Medium
319.0,,8.0,65.3,635.0,Medium
384.0,7.46,8.0,,580.0,High
166.0,3.09,15.0,412.08,205.0,Low
,6.58,17.0,149.77,898.0,Low
186.0,7.82,8.0,127.21,717.0,Medium
420.0,3.75,11.0,395.62,196.0,Medium
225.0,8.35,17.0,37.63,534.0,Medium
377.0,6.88,11.0,191.0,648.0,High
364.0,9.64,8.0,257.85,69.0,High
,2.82,8.0,284.57,318.0,Low
131.0,,13.0,367.02,382.0,Low
272.0,,13.0,183.87,604.0,Medium
421.0,4.72,12.0,310.22,956.0,Medium
472.0,7.86,15.0,296.83,993.0,High
451.0,8.19,9.0,278.33,960.0,High
492.0,3.27,9.0,323.84,450.0,
152.0,6.35,8.0,137.13,999.0,Low
322.0,6.32,10.0,,355.0,Medium
63.0,5.27,8.0,68.44,77.0,Low
208.0,9.5,13.0,120.05,516.0,Medium
201.0,8.71,12.0,255.1,309.0,Medium
157.0,7.73,8.0,421.82,583.0,Medium
237.0,7.86,14.0,353.63,936.0,Medium
350.0,5.96,17.0,396.63,150.0,Medium
,9.41,10.0,181.98,600.0,Low
180.0,,14.0,208.28,851.0,Medium
342.0,7.97,12.0,202.9,402.0,High
220.0,8.96,12.0,104.02,349.0,Medium
473.0,4.56,11.0,40.0,731.0,Medium
232.0,8.55,7.0,299.55,345.0,Medium
413.0,3.96,14.0,494.72,402.0,Medium
88.0,5.09,11.0,91.75,957.0,Low
64.0,5.02,13.0,32.88,179.0,Low
425.0,9.84,6.0,391.97,,High
53.0,8.92,10.0,133.77,123.0,Low
,,17.0,416.53,391.0,High
458.0,7.95,6.0,354.93,514.0,
446.0,6.72,15.0,473.38,139.0,High
259.0,9.6,16.0,210.37,628.0,Medium
210.0,6.22,13.0,334.37,504.0,Medium
65.0,5.35,13.0,237.78,797.0,Low
475.0,3.72,6.0,318.99,761.0,Medium
157.0,8.4,14.0,230.3,381.0,Medium
431.0,8.01,7.0,102.43,788.0,High
499.0,5.38,17.0,258.87,397.0,High
,2.69,14.0,269.01,282.0,Medium
276.0,8.79,6.0,407.2,827.0,High
219.0,2.59,17.0,,647.0,Medium
83.0,7.78,15.0,335.26,151.0,Low
,9.78,14.0,65.56,530.0,High
300.0,5.78,9.0,363.1,263.0,Medium
296.0,4.26,,255.15,157.0,Medium
318.0,7.79,,448.11,214.0,High
190.0,,16.0,460.74,652.0,Medium
323.0,6.6,11.0,37.03,753.0,Medium
,9.75,10.0,412.11,384.0,High
145.0,2.89,16.0,,135.0,Low
276.0,6.29,14.0,189.91,783.0,Medium
428.0,7.89,7.0,,924.0,High
,8.97,,82.57,473.0,Low
351.0,3.84,17.0,375.69,,Medium
78.0,,7.0,14.09,787.0,Low
495.0,6.65,16.0,,413.0,High
367.0,5.47,17.0,294.59,109.0,Medium
294.0,3.49,14.0,360.05,531.0,Medium
285.0,,17.0,459.16,299.0,High
234.0,3.68,8.0,355.69,609.0,Medium
321.0,4.82,13.0,339.17,166.0,Medium
489.0,4.68,16.0,203.23,788.0,Medium
285.0,9.04,14.0,10.63,923.0,Medium
288.0,7.55,13.0,68.88,,Medium
426.0,8.48,9.0,271.93,,High
,,17.0,340.81,93.0,Medium
463.0,7.19,6.0,214.55,558.0,High
458.0,6.79,9.0,368.03,,High
408.0,8.75,14.0,265.71,417.0,High
389.0,9.3,7.0,,906.0,High
,2.59,8.0,104.09,341.0,Medium
114.0,7.56,15.0,,898.0,Medium
226.0,2.89,13.0,365.21,905.0,
,6.62,11.0,448.43,966.0,Low
,4.66,13.0,67.6,947.0,Medium
191.0,4.8,12.0,495.21,848.0,Medium
,5.15,10.0,112.61,,Medium
,7.16,14.0,15.77,786.0,Medium
373.0,5.01,9.0,498.74,335.0,High
195.0,8.0,11.0,147.73,253.0,Medium
495.0,5.53,7.0,,,High
342.0,3.01,7.0,96.57,573.0,Low
202.0,8.38,7.0,,868.0,Medium
481.0,4.64,15.0,452.98,170.0,High
,5.75,12.0,166.89,994.0,Medium
486.0,7.64,7.0,338.42,805.0,High
,4.99,17.0,102.07,713.0,Low
448.0,2.92,7.0,316.15,,Medium
354.0,5.3,14.0,174.86,237.0,Medium
426.0,9.58,12.0,113.49,956.0,High
393.0,7.31,16.0,,62.0,High
189.0,7.54,8.0,97.63,652.0,Medium
236.0,7.24,,,249.0,Medium
342.0,3.99,12.0,,635.0,Medium
110.0,5.64,,130.19,817.0,Low
476.0,8.13,15.0,229.72,505.0,High
429.0,3.26,11.0,167.06,497.0,Medium
247.0,4.58,17.0,374.77,837.0,Medium
344.0,4.57,13.0,485.9,889.0,Medium
489.0,5.74,14.0,224.64,890.0,High
,9.85,6.0,431.91,,High
,3.01,8.0,287.27,639.0,Medium
,6.39,16.0,87.05,845.0,Medium
60.0,3.85,12.0,348.41,179.0,Low
111.0,9.78,,261.58,938.0,Medium
382.0,3.35,12.0,328.8,92.0,Medium
275.0,5.53,13.0,445.95,569.0,Medium
202.0,8.03,11.0,225.81,62.0,Medium
248.0,7.78,8.0,451.58,774.0,High
101.0,5.67,7.0,377.83,672.0,Low
309.0,,17.0,249.42,,Medium
108.0,5.48,12.0,305.58,,Low
121.0,4.48,17.0,169.53,351.0,
197.0,4.04,17.0,491.96,815.0,
,6.12,17.0,337.0,576.0,High
112.0,,16.0,31.48,691.0,Low
359.0,4.66,6.0,170.04,622.0,Medium
422.0,,8.0,315.42,164.0,High
292.0,9.76,,37.6,509.0,Medium
415.0,7.03,16.0,21.7,881.0,Medium
379.0,3.08,,230.51,554.0,Medium
156.0,3.07,6.0,173.02,357.0,Low
275.0,9.64,10.0,224.77,981.0,Medium
362.0,4.73,15.0,138.72,374.0,Medium
267.0,3.19,8.0,90.71,628.0,Low
474.0,6.99,7.0,347.68,810.0,High
290.0,7.18,8.0,262.14,,Medium
308.0,7.36,13.0,108.08,900.0,Medium
,4.51,11.0,166.6,563.0,Medium
311.0,2.61,12.0,299.99,221.0,Medium
54.0,9.74,17.0,45.39,551.0,Low
310.0,4.38,11.0,,383.0,Medium
103.0,7.57,11.0,45.89,333.0,Low
96.0,7.8,17.0,408.04,524.0,Low
264.0,7.08,8.0,378.68,103.0,High
226.0,4.85,17.0,379.12,507.0,Medium
,4.53,13.0,361.0,628.0,Low
148.0,,17.0,338.0,469.0,Medium
69.0,9.0,12.0,243.73,,
427.0,,12.0,324.72,681.0,High
290.0,3.29,11.0,28.8,752.0,Low
110.0,3.66,10.0,,458.0,Low
428.0,9.59,15.0,391.16,353.0,High
468.0,8.02,13.0,255.18,984.0,High
227.0,9.12,10.0,185.18,,
387.0,4.02,14.0,145.94,271.0,Medium
111.0,6.91,14.0,324.97,582.0,Medium
194.0,7.76,6.0,349.47,207.0,
265.0,7.6,11.0,436.77,,Medium
52.0,5.56,12.0,177.74,208.0,Low
209.0,2.62,8.0,387.19,938.0,Low
276.0,,12.0,285.06,933.0,Medium
318.0,4.4,16.0,442.59,971.0,Medium
,5.88,16.0,268.63,,Medium
430.0,9.68,12.0,263.64,711.0,
138.0,5.49,16.0,293.16,454.0,Medium
378.0,8.8,7.0,377.16,306.0,High
,3.91,12.0,482.7,726.0,Low
,7.54,6.0,46.05,638.0,High
406.0,9.83,10.0,36.18,646.0,
147.0,3.26,14.0,469.4,607.0,Medium
316.0,2.56,12.0,269.64,954.0,Medium
154.0,5.75,12.0,311.3,962.0,Medium
489.0,3.19,16.0,246.39,96.0,Medium
372.0,8.11,17.0,55.89,262.0,
172.0,9.36,7.0,386.36,528.0,Medium
78.0,5.76,13.0,376.14,536.0,Low
186.0,4.44,8.0,162.73,620.0,Low
244.0,5.76,13.0,160.06,615.0,Medium
458.0,7.93,8.0,420.54,391.0,High
275.0,2.57,15.0,45.46,573.0,Low
381.0,6.92,12.0,441.74,753.0,
219.0,7.1,7.0,135.76,,Medium
,7.28,9.0,,55.0,Low
89.0,4.32,16.0,468.64,870.0,Low
,7.86,11.0,342.28,193.0,Medium
310.0,3.19,16.0,213.07,,Medium
444.0,3.99,14.0,347.87,310.0,Medium
492.0,9.08,10.0,,634.0,High
275.0,,14.0,145.86,735.0,Medium
173.0,2.6,10.0,498.37,,Medium
87.0,4.36,15.0,377.89,,Low
377.0,4.11,13.0,325.91,989.0,Medium
,4.53,6.0,184.09,,Medium
438.0,4.36,12.0,34.09,923.0,Medium
225.0,2.97,9.0,25.22,271.0,Low
139.0,5.94,,281.55,101.0,Medium
451.0,8.0,11.0,383.4,165.0,High
,7.05,10.0,273.32,587.0,Low
365.0,7.55,17.0,421.98,,High
225.0,3.11,6.0,26.38,926.0,Low
333.0,9.64,17.0,189.71,590.0,High
130.0,8.79,14.0,126.16,,Low
163.0,8.54,7.0,229.16,864.0,Medium
89.0,8.67,14.0,,441.0,Low
350.0,9.5,15.0,477.52,840.0,High
273.0,6.58,7.0,119.4,,Medium
367.0,4.0,14.0,461.93,667.0,Medium
,7.13,11.0,218.69,468.0,High
164.0,8.07,16.0,,358.0,Medium
235.0,8.03,14.0,281.49,788.0,Medium
372.0,6.41,11.0,466.11,913.0,High
105.0,3.01,11.0,12.62,235.0,Low
89.0,5.28,16.0,376.64,310.0,Low
403.0,9.41,7.0,452.49,577.0,High
89.0,,13.0,78.46,322.0,Low
93.0,7.66,12.0,340.07,840.0,Low
,6.39,16.0,136.53,50.0,High
96.0,8.54,13.0,239.02,725.0,
264.0,7.08,8.0,378.68,103.0,High
,5.52,7.0,117.34,327.0,Medium
397.0,8.67,13.0,405.77,300.0,High
396.0,4.88,16.0,300.36,308.0,Medium
84.0,,14.0,274.43,329.0,Low
111.0,9.78,,261.58,938.0,Medium
234.0,2.94,10.0,50.8,110.0,Low
,4.53,10.0,297.52,301.0,Medium
,7.05,11.0,464.9,789.0,Medium
91.0,6.56,7.0,410.23,748.0,Low
228.0,8.03,14.0,357.77,653.0,Medium
490.0,3.1,16.0,29.38,810.0,
296.0,7.86,6.0,138.63,,High
494.0,2.52,8.0,51.54,257.0,Low
448.0,2.92,7.0,316.15,,Medium
99.0,7.41,,,578.0,Low
178.0,6.15,7.0,181.5,702.0,Medium
372.0,6.48,15.0,21.48,991.0,Medium
442.0,9.03,6.0,402.4,792.0,High
480.0,7.88,10.0,36.71,533.0,High
368.0,9.05,15.0,64.17,189.0,High
197.0,7.25,9.0,259.47,285.0,Medium
112.0,6.61,10.0,130.45,80.0,Low
289.0,9.25,7.0,271.41,365.0,Medium
277.0,5.56,14.0,222.06,666.0,Medium
,5.8,11.0,422.39,609.0,Medium
250.0,5.77,11.0,135.45,329.0,Medium
342.0,,10.0,242.15,768.0,Medium
78.0,,9.0,99.09,613.0,Low
219.0,6.56,16.0,470.97,483.0,Medium
412.0,3.22,14.0,217.85,109.0,Medium
178.0,9.6,7.0,436.95,490.0,Medium
54.0,,8.0,147.04,718.0,Low
85.0,4.35,11.0,268.03,694.0,Low
90.0,6.95,9.0,298.52,,Medium
368.0,9.84,11.0,294.67,396.0,High
,6.14,9.0,50.15,690.0,
282.0,6.94,7.0,19.63,666.0,Medium
,2.7,13.0,,271.0,Low
222.0,2.7,13.0,375.76,414.0,Medium
111.0,6.38,11.0,408.44,530.0,Low
153.0,3.1,11.0,300.81,861.0,Medium
,3.5,17.0,284.46,409.0,Medium
316.0,,17.0,125.48,928.0,High
119.0,6.95,11.0,108.58,142.0,Low
387.0,7.62,15.0,396.57,256.0,High
,3.75,7.0,277.84,976.0,Medium
110.0,3.66,10.0,,458.0,Low
,3.81,15.0,279.21,285.0,Low
362.0,4.73,15.0,138.72,374.0,Medium
399.0,4.56,15.0,216.67,695.0,Medium
328.0,2.81,15.0,470.94,375.0,Medium
160.0,9.32,16.0,68.68,638.0,Medium
163.0,2.59,13.0,23.64,627.0,Low
255.0,4.16,14.0,482.53,237.0,
270.0,7.67,9.0,141.34,452.0,
108.0,5.48,12.0,305.58,,Low
107.0,6.96,16.0,249.59,909.0,Low
353.0,8.54,10.0,149.49,494.0,High
422.0,,8.0,315.42,164.0,High
,6.29,15.0,147.0,756.0,Medium
317.0,5.46,11.0,,887.0,
377.0,6.24,17.0,,119.0,Medium
358.0,,17.0,132.45,633.0,
199.0,3.15,16.0,,734.0,Low
276.0,6.29,14.0,189.91,783.0,Medium
484.0,8.36,9.0,441.81,918.0,High
420.0,3.75,11.0,395.62,196.0,Medium
,8.99,6.0,174.45,,Medium
366.0,8.39,15.0,483.99,108.0,High
381.0,9.13,7.0,184.79,498.0,High
423.0,5.38,12.0,283.98,522.0,Medium
406.0,3.24,13.0,377.58,,
158.0,8.9,11.0,293.77,423.0,Medium
321.0,5.74,13.0,111.68,,Medium
92.0,7.38,16.0,432.3,496.0,
200.0,9.84,,496.49,406.0,Medium
369.0,6.29,,456.67,919.0,High
175.0,7.77,12.0,121.11,522.0,
457.0,5.25,17.0,62.34,897.0,Medium
171.0,7.73,7.0,344.51,135.0,Medium
,3.2,16.0,460.08,,Medium
186.0,9.31,16.0,,467.0,Medium
247.0,4.58,17.0,374.77,837.0,Medium
291.0,7.03,,424.21,240.0,Medium
186.0,4.44,8.0,162.73,620.0,Low
266.0,8.47,,221.71,889.0,Medium
101.0,5.67,7.0,377.83,672.0,Low
391.0,9.38,8.0,141.57,661.0,High
414.0,4.79,14.0,460.7,385.0,Medium
196.0,6.63,15.0,194.23,768.0,Medium
447.0,9.67,11.0,373.58,530.0,High
,6.31,,197.95,779.0,
154.0,5.75,12.0,311.3,962.0,Medium
254.0,,16.0,447.82,596.0,Medium
294.0,3.49,14.0,360.05,531.0,Medium
225.0,4.2,12.0,403.32,590.0,Medium
393.0,5.2,13.0,,,Medium
102.0,2.74,8.0,498.15,187.0,Low
96.0,7.8,17.0,408.04,524.0,Low
491.0,3.73,11.0,388.2,282.0,Medium
139.0,3.0,17.0,,,Low
272.0,,13.0,183.87,604.0,Medium
231.0,2.53,7.0,408.24,,
50.0,3.9,13.0,292.7,629.0,Low
77.0,9.19,11.0,357.79,861.0,Low
148.0,7.18,8.0,274.71,,Medium
335.0,5.71,6.0,357.36,852.0,Medium
108.0,8.21,12.0,468.73,849.0,
335.0,9.25,12.0,128.21,606.0,
415.0,5.88,10.0,290.42,999.0,High
453.0,2.56,17.0,107.12,400.0,Low
,3.4,13.0,422.81,576.0,Low
163.0,5.53,12.0,35.88,239.0,Low
132.0,9.08,12.0,133.08,347.0,Low
296.0,8.94,11.0,415.51,978.0,High
341.0,7.92,15.0,479.92,292.0,High
213.0,3.89,11.0,53.19,896.0,Low
185.0,5.26,16.0,305.86,566.0,Medium
494.0,9.57,13.0,385.76,686.0,High
,2.57,16.0,438.75,445.0,Low
293.0,,,325.93,444.0,High
191.0,4.8,12.0,495.21,848.0,Medium
145.0,2.64,7.0,35.83,594.0,Low
301.0,3.88,15.0,226.61,346.0,Medium
456.0,4.71,11.0,227.09,402.0,Medium
343.0,7.51,11.0,334.12,342.0,High
210.0,,10.0,341.88,603.0,Medium
89.0,8.67,14.0,,441.0,Low
,8.69,7.0,472.45,620.0,Medium
,2.77,10.0,46.82,524.0,Low
267.0,3.19,8.0,90.71,628.0,Low
406.0,5.87,,,873.0,Medium
398.0,5.35,14.0,483.1,818.0,High
112.0,,11.0,,582.0,Low
273.0,4.04,16.0,,853.0,
91.0,6.23,11.0,135.98,760.0,Low
354.0,7.28,14.0,468.06,413.0,High
100.0,5.11,,388.69,57.0,Low
489.0,5.9,15.0,404.51,283.0,High
265.0,3.16,17.0,298.33,193.0,Low
95.0,,6.0,338.11,735.0,Low
428.0,8.35,15.0,383.56,309.0,High
271.0,7.18,13.0,145.99,905.0,Medium
171.0,9.67,11.0,288.77,842.0,Medium
,8.27,,104.74,75.0,High
393.0,3.71,9.0,490.18,651.0,Medium
379.0,8.21,14.0,99.49,773.0,
434.0,4.87,8.0,,366.0,Medium
82.0,6.16,16.0,,61.0,Low
,9.68,8.0,,638.0,Medium
322.0,4.56,,166.22,654.0,Medium
112.0,3.75,15.0,287.22,106.0,Low
368.0,8.43,6.0,335.11,489.0,High
397.0,2.8,8.0,131.66,224.0,Low
386.0,3.17,16.0,399.38,,Medium
130.0,4.27,16.0,426.57,417.0,
293.0,7.81,,136.0,298.0,Medium
410.0,2.94,11.0,101.58,236.0,Medium
200.0,9.53,7.0,41.16,294.0,Medium
466.0,3.14,15.0,112.96,,Medium
202.0,8.03,11.0,225.81,62.0,Medium
229.0,4.75,10.0,16.28,,Low
333.0,9.97,11.0,492.44,,
160.0,6.73,13.0,235.45,466.0,
51.0,9.83,15.0,,408.0,Low
67.0,8.67,11.0,222.68,537.0,Low
391.0,6.14,11.0,323.29,83.0,High
399.0,8.72,14.0,268.14,814.0,
,,,91.81,,Medium
418.0,,7.0,218.15,126.0,High
,4.57,14.0,284.35,999.0,Medium
198.0,6.27,,35.46,538.0,Medium
141.0,3.11,15.0,,865.0,Low
269.0,8.2,13.0,103.62,443.0,Medium
209.0,2.62,8.0,387.19,938.0,Low
388.0,,14.0,103.85,549.0,Medium
97.0,2.57,11.0,368.79,413.0,Low
308.0,7.26,16.0,331.16,632.0,High
411.0,9.83,13.0,,709.0,High
390.0,,7.0,48.56,840.0,Medium
292.0,6.08,14.0,14.49,226.0,Medium
202.0,5.98,11.0,229.18,576.0,
228.0,9.21,12.0,237.33,617.0,Medium
355.0,7.26,11.0,452.6,534.0,High
100.0,8.29,10.0,179.89,824.0,Low
331.0,4.67,,159.33,707.0,Medium
416.0,4.39,6.0,71.81,,Medium
373.0,3.34,8.0,45.38,931.0,Medium
442.0,,13.0,300.32,779.0,Medium
499.0,5.38,17.0,258.87,397.0,High
107.0,4.52,12.0,86.29,236.0,Low
264.0,4.2,12.0,63.58,998.0,Medium
423.0,,,,193.0,High
398.0,8.67,17.0,,543.0,High
309.0,5.98,11.0,380.83,320.0,Medium
363.0,7.24,11.0,197.59,861.0,High
